iteration	average comm savings
0	0.50797526
1	0.520507813
2	0.50390625
3	0.507486979
4	0.504882813
5	0.501790365
6	0.520019531
7	0.504394531
8	0.512695313
9	0.489257813
10	0.5
11	0.502766927
12	0.503092448
13	0.499186198
14	0.486653646
15	0.48844401
16	0.48811849
17	0.48844401
18	0.49235026
19	0.498372396
20	0.4921875
21	0.489908854
22	0.492513021
23	0.497558594
24	0.488769531
25	0.513020833
26	0.534586589
27	0.517008464
28	0.517985026
29	0.512613932
30	0.517740885
31	0.50390625
32	0.513102214
33	0.514811198
34	0.513753255
35	0.520182292
36	0.524251302
37	0.518229167
38	0.51546224
39	0.509684245
40	0.515625
41	0.520019531
42	0.513427734
43	0.513427734
44	0.516520182
45	0.521484375
46	0.514567057
47	0.515055339
48	0.50374349
49	0.496744792
50	0.495524089
51	0.506429036
52	0.505371094
53	0.50008138
54	0.496419271
55	0.504394531
56	0.504801432
57	0.496988932
58	0.504150391
59	0.494547526
60	0.497639974
61	0.495198568
62	0.504150391
63	0.493408203
64	0.489746094
65	0.490234375
66	0.491780599
67	0.487874349
68	0.49210612
69	0.490966797
70	0.499023438
71	0.49593099
72	0.494466146
73	0.497639974
74	0.494710286
75	0.492431641
76	0.487955729
77	0.488606771
78	0.486897786
79	0.491129557
80	0.48836263
81	0.484944661
82	0.483154297
83	0.489908854
84	0.487467448
85	0.488037109
86	0.495279948
87	0.491210938
88	0.487060547
89	0.485514323
90	0.490641276
91	0.494140625
92	0.48836263
93	0.49202474
94	0.485026042
95	0.496419271
96	0.494710286
97	0.495605469
98	0.485758464
99	0.486409505
100	0.48453776
101	0.489908854
102	0.495117188
103	0.489664714
104	0.487792969
105	0.501546224
106	0.491129557
107	0.490804036
108	0.50374349
109	0.491943359
110	0.493489583
111	0.489013672
112	0.495361328
113	0.487874349
114	0.494547526
115	0.495279948
116	0.498697917
117	0.492757161
118	0.494384766
119	0.485351563
120	0.495686849
121	0.495524089
122	0.495524089
123	0.494710286
124	0.496419271
125	0.49593099
126	0.490315755
127	0.493164063
128	0.492919922
129	0.490234375
130	0.487467448
131	0.491699219
132	0.496419271
133	0.485595703
134	0.493164063
135	0.492675781
136	0.50008138
137	0.498535156
138	0.48819987
139	0.497721354
140	0.50016276
141	0.490397135
142	0.486246745
143	0.486490885
144	0.484944661
145	0.48445638
146	0.482096354
147	0.487630208
148	0.48453776
149	0.486328125
150	0.485514323
151	0.486246745
152	0.483235677
153	0.485677083
154	0.491373698
155	0.490234375
156	0.489908854
157	0.486979167
158	0.498372396
159	0.485921224
160	0.487874349
161	0.489095052
162	0.487386068
163	0.4921875
164	0.490234375
165	0.493652344
166	0.494222005
167	0.492594401
168	0.494466146
169	0.494140625
170	0.487548828
171	0.490559896
172	0.498697917
173	0.494547526
174	0.48819987
175	0.49210612
176	0.489746094
177	0.489013672
178	0.493082682
179	0.487792969
180	0.498779297
181	0.490722656
182	0.509928385
183	0.489176432
184	0.498535156
185	0.490641276
186	0.493082682
187	0.497233073
188	0.489746094
189	0.506184896
190	0.498046875
191	0.487141927
192	0.487874349
193	0.488769531
194	0.488688151
195	0.485758464
196	0.48445638
197	0.493652344
198	0.488606771
199	0.486979167
200	0.485758464
201	0.491617839
202	0.48421224
203	0.489420573
204	0.493164063
205	0.487630208
206	0.487955729
207	0.484375
208	0.48445638
209	0.492838542
210	0.487792969
211	0.493082682
212	0.491699219
213	0.489501953
214	0.491292318
215	0.489501953
216	0.49226888
217	0.484781901
218	0.489339193
219	0.495117188
220	0.488525391
221	0.494628906
222	0.501708984
223	0.503092448
224	0.48819987
225	0.489095052
226	0.485188802
227	0.487467448
228	0.489746094
229	0.485758464
230	0.499104818
231	0.495198568
232	0.496744792
233	0.486572266
234	0.493408203
235	0.489013672
236	0.489664714
237	0.492513021
238	0.490885417
239	0.501057943
240	0.489664714
241	0.49226888
242	0.490804036
243	0.490315755
244	0.498046875
245	0.489827474
246	0.4921875
247	0.490885417
248	0.490071615
249	0.486165365
250	0.485351563
251	0.501464844
252	0.489501953
253	0.493652344
254	0.489908854
255	0.488688151
256	0.491699219
257	0.489420573
258	0.48819987
259	0.498779297
260	0.497884115
261	0.494222005
262	0.491292318
263	0.492431641
264	0.497314453
265	0.488606771
266	0.491536458
267	0.48453776
268	0.486653646
269	0.487711589
270	0.488850911
271	0.493245443
272	0.496988932
273	0.49609375
274	0.491048177
275	0.488850911
276	0.483235677
277	0.487223307
278	0.489420573
279	0.485758464
280	0.49235026
281	0.500895182
282	0.486572266
283	0.486165365
284	0.490315755
285	0.489339193
286	0.487955729
287	0.486328125
288	0.48828125
289	0.492675781
290	0.489583333
291	0.49202474
292	0.491943359
293	0.485351563
294	0.494547526
295	0.486816406
296	0.48819987
297	0.486409505
298	0.487792969
299	0.482747396
300	0.484619141
301	0.495117188
302	0.490397135
303	0.495605469
304	0.48811849
305	0.485188802
306	0.489990234
307	0.493082682
308	0.491373698
309	0.494303385
310	0.493245443
311	0.486572266
312	0.486897786
313	0.49617513
314	0.490397135
315	0.486490885
316	0.485921224
317	0.483886719
318	0.483235677
319	0.48421224
320	0.486572266
321	0.489583333
322	0.492919922
323	0.484049479
324	0.488037109
325	0.487223307
326	0.482584635
327	0.486246745
328	0.489095052
329	0.48819987
330	0.493164063
331	0.496907552
332	0.485595703
333	0.487548828
334	0.486246745
335	0.486002604
336	0.491210938
337	0.485026042
338	0.487467448
339	0.489746094
340	0.491292318
341	0.485839844
342	0.489013672
343	0.485677083
344	0.48429362
345	0.481689453
346	0.487223307
347	0.493082682
348	0.483642578
349	0.483642578
350	0.488932292
351	0.485188802
352	0.483723958
353	0.49202474
354	0.489420573
355	0.48836263
356	0.491455078
357	0.490641276
358	0.489827474
359	0.492675781
360	0.486328125
361	0.48453776
362	0.484944661
363	0.486735026
364	0.489908854
365	0.486002604
366	0.483968099
367	0.483154297
368	0.487060547
369	0.48445638
370	0.48429362
371	0.491210938
372	0.495605469
373	0.48819987
374	0.486979167
375	0.48453776
376	0.48819987
377	0.490804036
378	0.490641276
379	0.491455078
380	0.492919922
381	0.491292318
382	0.486490885
383	0.490641276
384	0.489746094
385	0.489013672
386	0.495117188
387	0.489176432
388	0.48819987
389	0.494384766
390	0.495768229
391	0.492513021
392	0.486653646
393	0.489339193
394	0.483235677
395	0.486083984
396	0.489746094
397	0.500325521
398	0.48811849
399	0.486083984
400	0.490234375
401	0.487874349
402	0.489339193
403	0.487304688
404	0.489420573
405	0.491536458
406	0.490559896
407	0.491943359
408	0.485595703
409	0.490478516
410	0.487874349
411	0.486165365
412	0.486083984
413	0.487467448
414	0.490234375
415	0.485839844
416	0.483072917
417	0.485677083
418	0.490152995
419	0.48844401
420	0.484049479
421	0.493815104
422	0.493733724
423	0.48811849
424	0.490071615
425	0.485677083
426	0.48811849
427	0.490397135
428	0.486490885
429	0.491943359
430	0.501383464
431	0.493977865
432	0.491455078
433	0.490152995
434	0.497070313
435	0.48811849
436	0.491373698
437	0.490804036
438	0.487223307
439	0.493733724
440	0.496663411
441	0.497233073
442	0.491373698
443	0.491373698
444	0.484700521
445	0.489583333
446	0.484619141
447	0.492757161
448	0.487141927
449	0.490152995
450	0.490559896
451	0.489990234
452	0.493733724
453	0.491943359
454	0.487141927
455	0.490397135
456	0.488932292
457	0.494303385
458	0.482503255
459	0.493164063
460	0.490641276
461	0.493977865
462	0.48836263
463	0.491943359
464	0.485351563
465	0.489664714
466	0.486002604
467	0.488606771
468	0.493082682
469	0.493570964
470	0.48836263
471	0.502685547
472	0.495279948
473	0.495768229
474	0.493245443
475	0.485270182
476	0.488688151
477	0.487223307
478	0.495279948
479	0.493326823
480	0.497721354
481	0.49625651
482	0.495035807
483	0.48819987
484	0.493896484
485	0.486653646
486	0.492757161
487	0.490397135
488	0.491373698
489	0.500651042
490	0.491699219
491	0.48844401
492	0.491617839
493	0.48811849
494	0.497070313
495	0.496907552
496	0.491455078
497	0.495279948
498	0.489013672
499	0.495524089
500	0.495035807
501	0.493652344
502	0.492675781
503	0.493733724
504	0.492513021
505	0.500325521
506	0.502766927
507	0.495686849
508	0.494791667
509	0.505371094
510	0.506754557
511	0.505126953
512	0.49625651
513	0.494954427
514	0.489583333
515	0.501953125
516	0.491129557
517	0.490966797
518	0.497639974
519	0.5
520	0.496988932
521	0.501627604
522	0.495035807
523	0.504557292
524	0.492513021
525	0.488688151
526	0.491536458
527	0.489990234
528	0.499104818
529	0.490966797
530	0.489420573
531	0.493652344
532	0.497151693
533	0.489664714
534	0.489664714
535	0.48836263
536	0.494140625
537	0.490234375
538	0.490152995
539	0.499430339
540	0.48836263
541	0.486328125
542	0.48828125
543	0.48844401
544	0.499023438
545	0.498291016
546	0.497395833
547	0.502034505
548	0.496337891
549	0.492513021
550	0.493977865
551	0.495035807
552	0.497802734
553	0.491780599
554	0.501220703
555	0.502848307
556	0.503662109
557	0.499755859
558	0.500244141
559	0.498535156
560	0.513102214
561	0.500325521
562	0.49625651
563	0.492513021
564	0.490234375
565	0.503417969
566	0.491699219
567	0.490234375
568	0.49617513
569	0.501139323
570	0.494222005
571	0.491943359
572	0.493652344
573	0.496744792
574	0.497233073
575	0.489990234
576	0.493489583
577	0.493245443
578	0.494547526
579	0.486409505
580	0.489583333
581	0.493001302
582	0.492513021
583	0.486490885
584	0.48828125
585	0.494140625
586	0.494140625
587	0.489420573
588	0.486653646
589	0.488525391
590	0.48828125
591	0.489990234
592	0.493326823
593	0.489501953
594	0.490885417
595	0.488769531
596	0.490152995
597	0.49617513
598	0.495605469
599	0.489501953
600	0.490641276
601	0.490152995
602	0.491943359
603	0.48844401
604	0.495849609
605	0.493326823
606	0.493652344
607	0.49235026
608	0.491210938
609	0.486735026
610	0.49991862
611	0.494710286
612	0.486328125
613	0.483154297
614	0.486083984
615	0.496663411
616	0.487792969
617	0.489420573
618	0.495768229
619	0.495279948
620	0.490641276
621	0.500244141
622	0.498860677
623	0.489257813
624	0.500569661
625	0.489583333
626	0.495198568
627	0.490559896
628	0.495442708
629	0.493815104
630	0.495686849
631	0.489420573
632	0.49593099
633	0.49226888
634	0.492431641
635	0.495524089
636	0.491780599
637	0.492757161
638	0.490885417
639	0.493164063
640	0.493082682
641	0.494303385
642	0.494059245
643	0.489420573
644	0.490885417
645	0.484781901
646	0.486816406
647	0.491861979
648	0.493408203
649	0.491536458
650	0.488850911
651	0.492675781
652	0.486897786
653	0.495605469
654	0.489095052
655	0.49226888
656	0.491292318
657	0.487955729
658	0.490641276
659	0.486572266
660	0.493245443
661	0.498942057
662	0.491048177
663	0.48844401
664	0.486897786
665	0.498128255
666	0.488850911
667	0.492594401
668	0.49202474
669	0.49202474
670	0.496663411
671	0.500732422
672	0.49593099
673	0.501464844
674	0.495117188
675	0.491210938
676	0.491210938
677	0.489339193
678	0.49617513
679	0.498453776
680	0.49593099
681	0.496500651
682	0.500406901
683	0.498779297
684	0.498291016
685	0.494222005
686	0.495442708
687	0.501057943
688	0.500813802
689	0.501546224
690	0.497802734
691	0.497965495
692	0.492431641
693	0.490804036
694	0.495605469
695	0.499104818
696	0.495198568
697	0.494140625
698	0.504475911
699	0.502441406
700	0.489257813
701	0.494222005
702	0.489990234
703	0.49617513
704	0.497070313
705	0.5
706	0.49210612
707	0.494791667
708	0.491780599
709	0.497070313
710	0.494059245
711	0.499674479
712	0.499023438
713	0.499104818
714	0.491617839
715	0.498128255
716	0.489339193
717	0.502766927
718	0.49235026
719	0.499348958
720	0.498372396
721	0.492838542
722	0.497477214
723	0.509277344
724	0.490804036
725	0.492675781
726	0.496419271
727	0.498697917
728	0.498697917
729	0.501057943
730	0.493001302
731	0.500569661
732	0.501057943
733	0.503092448
734	0.492838542
735	0.501627604
736	0.502034505
737	0.496663411
738	0.503011068
739	0.503417969
740	0.500732422
741	0.504720052
742	0.50374349
743	0.500895182
744	0.503336589
745	0.513509115
746	0.499755859
747	0.497639974
748	0.505126953
749	0.499674479
750	0.490315755
751	0.487874349
752	0.491292318
753	0.489908854
754	0.504394531
755	0.504475911
756	0.496826172
757	0.497721354
758	0.495686849
759	0.499186198
760	0.493001302
761	0.497965495
762	0.498535156
763	0.499511719
764	0.497151693
765	0.493977865
766	0.493815104
767	0.500569661
768	0.493245443
769	0.501464844
770	0.491617839
771	0.491048177
772	0.495605469
773	0.498616536
774	0.491780599
775	0.491210938
776	0.498942057
777	0.499023438
778	0.494710286
779	0.505452474
780	0.498535156
781	0.496744792
782	0.497639974
783	0.505289714
784	0.498372396
785	0.505208333
786	0.496500651
787	0.490071615
788	0.498860677
789	0.501871745
790	0.501871745
791	0.503011068
792	0.499186198
793	0.503336589
794	0.496663411
795	0.501627604
796	0.498535156
797	0.501546224
798	0.493489583
799	0.485026042
800	0.493082682
801	0.487060547
802	0.491455078
803	0.490559896
804	0.498942057
805	0.500244141
806	0.498616536
807	0.49983724
808	0.495442708
809	0.495361328
810	0.49625651
811	0.495605469
812	0.494954427
813	0.495524089
814	0.49593099
815	0.491129557
816	0.495361328
817	0.491617839
818	0.498291016
819	0.499430339
820	0.492919922
821	0.488525391
822	0.494384766
823	0.498860677
824	0.494710286
825	0.486572266
826	0.493652344
827	0.494140625
828	0.494222005
829	0.497639974
830	0.501057943
831	0.499186198
832	0.494873047
833	0.495849609
834	0.507405599
835	0.497151693
836	0.492919922
837	0.490559896
838	0.494222005
839	0.498209635
840	0.49983724
841	0.495768229
842	0.494791667
843	0.494710286
844	0.491536458
845	0.496582031
846	0.499674479
847	0.501220703
848	0.489827474
849	0.489420573
850	0.495198568
851	0.490234375
852	0.495442708
853	0.494628906
854	0.499593099
855	0.506347656
856	0.494547526
857	0.49601237
858	0.487711589
859	0.494547526
860	0.497639974
861	0.494710286
862	0.490478516
863	0.49226888
864	0.495849609
865	0.495849609
866	0.490152995
867	0.489990234
868	0.498046875
869	0.498697917
870	0.494954427
871	0.492431641
872	0.494222005
873	0.493326823
874	0.49202474
875	0.494384766
876	0.497151693
877	0.497639974
878	0.496337891
879	0.494873047
880	0.500895182
881	0.496907552
882	0.499674479
883	0.491536458
884	0.502360026
885	0.490966797
886	0.495686849
887	0.489420573
888	0.490559896
889	0.500895182
890	0.502848307
891	0.499267578
892	0.505452474
893	0.497884115
894	0.4921875
895	0.500325521
896	0.499755859
897	0.494140625
898	0.491943359
899	0.500732422
900	0.497965495
901	0.497639974
902	0.500895182
903	0.49601237
904	0.502522786
905	0.502766927
906	0.494059245
907	0.491292318
908	0.489420573
909	0.496988932
910	0.494628906
911	0.498209635
912	0.498128255
913	0.492757161
914	0.496582031
915	0.50008138
916	0.495361328
917	0.491373698
918	0.500488281
919	0.500488281
920	0.511067708
921	0.500976563
922	0.490071615
923	0.489339193
924	0.490722656
925	0.504882813
926	0.498535156
927	0.503417969
928	0.501953125
929	0.504557292
930	0.503092448
931	0.497884115
932	0.501708984
933	0.49593099
934	0.492431641
935	0.49609375
936	0.502929688
937	0.490966797
938	0.493977865
939	0.498046875
940	0.507486979
941	0.501546224
942	0.510009766
943	0.498128255
944	0.497802734
945	0.503580729
946	0.497314453
947	0.504882813
948	0.508056641
949	0.509928385
950	0.502522786
951	0.510253906
952	0.511149089
953	0.510742188
954	0.505859375
955	0.500569661
956	0.502766927
957	0.501953125
958	0.503662109
959	0.503336589
960	0.498372396
961	0.504150391
962	0.506754557
963	0.497884115
964	0.500244141
965	0.503255208
966	0.504882813
967	0.504720052
968	0.506917318
969	0.514485677
970	0.520996094
971	0.506184896
972	0.496337891
973	0.504231771
974	0.504801432
975	0.513590495
976	0.500813802
977	0.505940755
978	0.513264974
979	0.503417969
980	0.502360026
981	0.502278646
982	0.498942057
983	0.498128255
984	0.496744792
985	0.49593099
986	0.499430339
987	0.493489583
988	0.506510417
989	0.494384766
990	0.503499349
991	0.506510417
992	0.51180013
993	0.505940755
994	0.517496745
995	0.51578776
996	0.497558594
997	0.516520182
998	0.513102214
999	0.509440104
1000	0.502848307
1001	0.515136719
1002	0.518798828
1003	0.527669271
1004	0.511311849
1005	0.50797526
1006	0.507080078
1007	0.510009766
1008	0.507568359
1009	0.500488281
1010	0.512125651
1011	0.502034505
1012	0.500651042
1013	0.497965495
1014	0.509684245
1015	0.50789388
1016	0.508626302
1017	0.504801432
1018	0.504882813
1019	0.514973958
1020	0.510091146
1021	0.51155599
1022	0.505452474
1023	0.518473307
1024	0.514648438
1025	0.509033203
1026	0.511149089
1027	0.505126953
1028	0.509277344
1029	0.503092448
1030	0.495361328
1031	0.505940755
1032	0.501057943
1033	0.499511719
1034	0.502766927
1035	0.505452474
1036	0.508056641
1037	0.495849609
1038	0.521809896
1039	0.493977865
1040	0.501383464
1041	0.513020833
1042	0.505371094
1043	0.508870443
1044	0.521240234
1045	0.510416667
1046	0.497151693
1047	0.50773112
1048	0.505615234
1049	0.516927083
1050	0.519124349
1051	0.514648438
1052	0.514241536
1053	0.520263672
1054	0.50374349
1055	0.498860677
1056	0.503011068
1057	0.510416667
1058	0.503662109
1059	0.5
1060	0.510172526
1061	0.497802734
1062	0.494791667
1063	0.497314453
1064	0.517008464
1065	0.517985026
1066	0.510416667
1067	0.510579427
1068	0.507486979
1069	0.504720052
1070	0.514322917
1071	0.511067708
1072	0.520507813
1073	0.517252604
1074	0.507405599
1075	0.499267578
1076	0.506266276
1077	0.503011068
1078	0.505615234
1079	0.508382161
1080	0.50406901
1081	0.509440104
1082	0.505533854
1083	0.502604167
1084	0.512532552
1085	0.514241536
1086	0.526041667
1087	0.513509115
1088	0.518066406
1089	0.501383464
1090	0.508219401
1091	0.512369792
1092	0.509358724
1093	0.504964193
1094	0.514648438
1095	0.504394531
1096	0.512939453
1097	0.507405599
1098	0.506591797
1099	0.518473307
1100	0.530354818
1101	0.517903646
1102	0.518229167
1103	0.510091146
1104	0.50390625
1105	0.498942057
1106	0.51944987
1107	0.508056641
1108	0.512613932
1109	0.522135417
1110	0.508219401
1111	0.502522786
1112	0.493733724
1113	0.514322917
1114	0.513102214
1115	0.520914714
1116	0.517333984
1117	0.517822266
1118	0.514485677
1119	0.510498047
1120	0.525227865
1121	0.51163737
1122	0.526774089
1123	0.511393229
1124	0.502441406
1125	0.501953125
1126	0.505615234
1127	0.505126953
1128	0.513997396
1129	0.51155599
1130	0.514892578
1131	0.503336589
1132	0.51578776
1133	0.512776693
1134	0.516031901
1135	0.505289714
1136	0.517171224
1137	0.526692708
1138	0.50390625
1139	0.509195964
1140	0.505859375
1141	0.512858073
1142	0.52351888
1143	0.510009766
1144	0.524169922
1145	0.502034505
1146	0.51936849
1147	0.512613932
1148	0.507324219
1149	0.504801432
1150	0.513916016
1151	0.515380859
1152	0.517089844
1153	0.507568359
1154	0.510172526
1155	0.504964193
1156	0.521402995
1157	0.509765625
1158	0.509277344
1159	0.528320313
1160	0.511230469
1161	0.500488281
1162	0.510416667
1163	0.52734375
1164	0.50390625
1165	0.506510417
1166	0.510091146
1167	0.5078125
1168	0.513183594
1169	0.518391927
1170	0.510986328
1171	0.516357422
1172	0.516764323
1173	0.509928385
1174	0.50374349
1175	0.510009766
1176	0.512695313
1177	0.5078125
1178	0.513183594
1179	0.505452474
1180	0.514892578
1181	0.505126953
1182	0.525634766
1183	0.521565755
1184	0.501220703
1185	0.498616536
1186	0.503011068
1187	0.510253906
1188	0.499348958
1189	0.503417969
1190	0.495361328
1191	0.506835938
1192	0.51578776
1193	0.50390625
1194	0.51554362
1195	0.512695313
1196	0.503173828
1197	0.504557292
1198	0.494140625
1199	0.502197266
1200	0.493164063
1201	0.505289714
1202	0.501383464
1203	0.51155599
1204	0.505289714
1205	0.500488281
1206	0.512207031
1207	0.504638672
1208	0.505940755
1209	0.505289714
1210	0.505940755
1211	0.503011068
1212	0.508219401
1213	0.517008464
1214	0.5078125
1215	0.497395833
1216	0.498860677
1217	0.510498047
1218	0.502522786
1219	0.505696615
1220	0.49226888
1221	0.502848307
1222	0.51180013
1223	0.507486979
1224	0.497639974
1225	0.505371094
1226	0.505371094
1227	0.500651042
1228	0.507324219
1229	0.498616536
1230	0.504882813
1231	0.513183594
1232	0.504720052
1233	0.511311849
1234	0.506917318
1235	0.500488281
1236	0.498372396
1237	0.494059245
1238	0.493815104
1239	0.498616536
1240	0.501464844
1241	0.499674479
1242	0.496500651
1243	0.495524089
1244	0.496907552
1245	0.525390625
1246	0.512939453
1247	0.515625
1248	0.494873047
1249	0.511962891
1250	0.492513021
1251	0.514241536
1252	0.502441406
1253	0.503255208
1254	0.502604167
1255	0.496663411
1256	0.513997396
1257	0.504638672
1258	0.510904948
1259	0.493815104
1260	0.499186198
1261	0.505289714
1262	0.506917318
1263	0.508544922
1264	0.504638672
1265	0.491048177
1266	0.499023438
1267	0.497151693
1268	0.497151693
1269	0.48836263
1270	0.496582031
1271	0.506347656
1272	0.508951823
1273	0.517740885
1274	0.493896484
1275	0.504801432
1276	0.508789063
1277	0.497233073
1278	0.502685547
1279	0.510416667
1280	0.502278646
1281	0.513590495
1282	0.498697917
1283	0.502929688
1284	0.513346354
1285	0.505045573
1286	0.50764974
1287	0.512369792
1288	0.50773112
1289	0.499430339
1290	0.50764974
1291	0.506998698
1292	0.496907552
1293	0.498942057
1294	0.497965495
1295	0.520507813
1296	0.517578125
1297	0.524739583
1298	0.507324219
1299	0.509440104
1300	0.502115885
1301	0.512207031
1302	0.508789063
1303	0.486572266
1304	0.497395833
1305	0.489908854
1306	0.508870443
1307	0.50789388
1308	0.50374349
1309	0.490478516
1310	0.484781901
1311	0.498942057
1312	0.525227865
1313	0.512532552
1314	0.494873047
1315	0.492594401
1316	0.495035807
1317	0.494710286
1318	0.495035807
1319	0.488769531
1320	0.507080078
1321	0.519124349
1322	0.527587891
1323	0.51570638
1324	0.494873047
1325	0.506754557
1326	0.505615234
1327	0.495279948
1328	0.502848307
1329	0.508219401
1330	0.496419271
1331	0.496826172
1332	0.496826172
1333	0.512207031
1334	0.523030599
1335	0.509277344
1336	0.512939453
1337	0.528320313
1338	0.523111979
1339	0.501953125
1340	0.507568359
1341	0.506103516
1342	0.50398763
1343	0.49601237
1344	0.521402995
1345	0.531005859
1346	0.504964193
1347	0.508544922
1348	0.503255208
1349	0.501790365
1350	0.514567057
1351	0.490559896
1352	0.499511719
1353	0.485758464
1354	0.483968099
1355	0.481770833
1356	0.513427734
1357	0.505452474
1358	0.522623698
1359	0.501302083
1360	0.480875651
1361	0.507080078
1362	0.527587891
1363	0.513834635
1364	0.509602865
1365	0.504882813
1366	0.502522786
1367	0.502360026
1368	0.491373698
1369	0.501546224
1370	0.524088542
1371	0.514322917
1372	0.526285807
1373	0.497558594
1374	0.502848307
1375	0.512288411
1376	0.502197266
1377	0.490315755
1378	0.493245443
1379	0.492431641
1380	0.490641276
1381	0.505452474
1382	0.500732422
1383	0.503417969
1384	0.504638672
1385	0.507405599
1386	0.504801432
1387	0.523111979
1388	0.515055339
1389	0.496663411
1390	0.497721354
1391	0.490559896
1392	0.492431641
1393	0.493977865
1394	0.534667969
1395	0.543701172
1396	0.512125651
1397	0.503499349
1398	0.499674479
1399	0.505045573
1400	0.50382487
1401	0.478922526
1402	0.50382487
1403	0.515136719
1404	0.496988932
1405	0.48836263
1406	0.507080078
1407	0.516031901
1408	0.541259766
1409	0.507568359
1410	0.507161458
1411	0.520182292
1412	0.524820964
1413	0.513834635
1414	0.516601563
1415	0.505289714
1416	0.495279948
1417	0.497151693
1418	0.508056641
1419	0.507242839
1420	0.504720052
1421	0.524658203
1422	0.51953125
1423	0.51163737
1424	0.514811198
1425	0.521891276
1426	0.523193359
1427	0.503011068
1428	0.495035807
1429	0.50374349
1430	0.495524089
1431	0.512044271
1432	0.510986328
1433	0.497884115
1434	0.510579427
1435	0.510172526
1436	0.506266276
1437	0.527669271
1438	0.508463542
1439	0.50797526
1440	0.49235026
1441	0.495605469
1442	0.492675781
1443	0.514078776
1444	0.511149089
1445	0.53125
1446	0.503417969
1447	0.509602865
1448	0.507568359
1449	0.529215495
1450	0.493326823
1451	0.478515625
1452	0.506673177
1453	0.52360026
1454	0.516113281
1455	0.516438802
1456	0.504638672
1457	0.501464844
1458	0.517252604
1459	0.504801432
1460	0.525797526
1461	0.505208333
1462	0.508138021
1463	0.50797526
1464	0.51180013
1465	0.503417969
1466	0.508707682
1467	0.516113281
1468	0.529622396
1469	0.512532552
1470	0.506022135
1471	0.521565755
1472	0.562174479
1473	0.54280599
1474	0.516113281
1475	0.529378255
1476	0.54288737
1477	0.532063802
1478	0.538085938
1479	0.530598958
1480	0.516276042
1481	0.488932292
1482	0.506917318
1483	0.522216797
1484	0.559326172
1485	0.516031901
1486	0.51969401
1487	0.528727214
1488	0.534098307
1489	0.533854167
1490	0.506103516
1491	0.517252604
1492	0.516194661
1493	0.518554688
1494	0.508544922
1495	0.516113281
1496	0.487711589
1497	0.522623698
1498	0.516031901
1499	0.535563151
1500	0.535725911
1501	0.536295573
1502	0.500488281
1503	0.523925781
1504	0.515380859
1505	0.525878906
1506	0.513997396
1507	0.511393229
1508	0.51578776
1509	0.518880208
1510	0.523844401
1511	0.503662109
1512	0.494791667
1513	0.501139323
1514	0.498697917
1515	0.532063802
1516	0.54671224
1517	0.519042969
1518	0.545166016
1519	0.517903646
1520	0.539632161
1521	0.510091146
1522	0.546630859
1523	0.519042969
1524	0.499593099
1525	0.538004557
1526	0.53515625
1527	0.537760417
1528	0.56648763
1529	0.561442057
1530	0.530924479
1531	0.491861979
1532	0.497639974
1533	0.541503906
1534	0.53889974
1535	0.503499349
1536	0.53108724
1537	0.527669271
1538	0.529622396
1539	0.518310547
1540	0.509440104
1541	0.532307943
1542	0.527587891
1543	0.504557292
1544	0.523193359
1545	0.506429036
1546	0.509195964
1547	0.52351888
1548	0.521158854
1549	0.512695313
1550	0.540690104
1551	0.549967448
1552	0.491536458
1553	0.512451172
1554	0.504720052
1555	0.530517578
1556	0.526774089
1557	0.509521484
1558	0.52718099
1559	0.518554688
1560	0.520914714
1561	0.513264974
1562	0.498453776
1563	0.489095052
1564	0.494628906
1565	0.548583984
1566	0.532552083
1567	0.507242839
1568	0.528889974
1569	0.506673177
1570	0.541992188
1571	0.536132813
1572	0.50016276
1573	0.506429036
1574	0.490315755
1575	0.510579427
1576	0.513671875
1577	0.512776693
1578	0.531982422
1579	0.560384115
1580	0.516845703
1581	0.498209635
1582	0.516927083
1583	0.545572917
1584	0.526855469
1585	0.514648438
1586	0.51953125
1587	0.505045573
1588	0.502034505
1589	0.509602865
1590	0.506347656
1591	0.548339844
1592	0.52335612
1593	0.51163737
1594	0.533610026
1595	0.540608724
1596	0.524576823
1597	0.521240234
1598	0.511474609
1599	0.524169922
1600	0.532714844
1601	0.5234375
1602	0.507486979
1603	0.508789063
1604	0.518473307
1605	0.544026693
1606	0.526855469
1607	0.507161458
1608	0.503662109
1609	0.538411458
1610	0.538330078
1611	0.526529948
1612	0.528157552
1613	0.512207031
1614	0.517089844
1615	0.518391927
1616	0.510335286
1617	0.504638672
1618	0.51953125
1619	0.535563151
1620	0.527099609
1621	0.539632161
1622	0.515055339
1623	0.519938151
1624	0.506998698
1625	0.495198568
1626	0.518554688
1627	0.515055339
1628	0.507324219
1629	0.532307943
1630	0.512858073
1631	0.513346354
1632	0.532145182
1633	0.526936849
1634	0.538411458
1635	0.54313151
1636	0.512532552
1637	0.49235026
1638	0.526936849
1639	0.543945313
1640	0.522379557
1641	0.528076172
1642	0.504557292
1643	0.527832031
1644	0.521321615
1645	0.536132813
1646	0.495524089
1647	0.530680339
1648	0.50374349
1649	0.520507813
1650	0.518473307
1651	0.517903646
1652	0.513997396
1653	0.51570638
1654	0.551595052
1655	0.55094401
1656	0.513834635
1657	0.531819661
1658	0.510172526
1659	0.568603516
1660	0.553710938
1661	0.540690104
1662	0.524820964
1663	0.540527344
1664	0.523111979
1665	0.525227865
1666	0.534261068
1667	0.533772786
1668	0.545735677
1669	0.555745443
1670	0.524088542
1671	0.522460938
1672	0.541341146
1673	0.517659505
1674	0.516520182
1675	0.506429036
1676	0.514567057
1677	0.527669271
1678	0.529296875
1679	0.542154948
1680	0.51570638
1681	0.53889974
1682	0.506184896
1683	0.524983724
1684	0.51554362
1685	0.512288411
1686	0.510742188
1687	0.532063802
1688	0.53116862
1689	0.522623698
1690	0.528401693
1691	0.521647135
1692	0.511393229
1693	0.54703776
1694	0.530598958
1695	0.494873047
1696	0.493001302
1697	0.541748047
1698	0.526123047
1699	0.516031901
1700	0.512858073
1701	0.537760417
1702	0.515380859
1703	0.50764974
1704	0.538574219
1705	0.541015625
1706	0.514485677
1707	0.530598958
1708	0.537679036
1709	0.565511068
1710	0.536214193
1711	0.51961263
1712	0.524251302
1713	0.526041667
1714	0.525472005
1715	0.538411458
1716	0.57405599
1717	0.552571615
1718	0.567789714
1719	0.549560547
1720	0.54296875
1721	0.533203125
1722	0.548258464
1723	0.522705078
1724	0.527750651
1725	0.52726237
1726	0.525309245
1727	0.518554688
1728	0.529378255
1729	0.537272135
1730	0.520670573
1731	0.534261068
1732	0.517985026
1733	0.543945313
1734	0.541748047
1735	0.528238932
1736	0.51944987
1737	0.545003255
1738	0.516927083
1739	0.498535156
1740	0.513671875
1741	0.526367188
1742	0.536214193
1743	0.558186849
1744	0.540283203
1745	0.523681641
1746	0.530924479
1747	0.537841797
1748	0.524495443
1749	0.528483073
1750	0.509684245
1751	0.530273438
1752	0.545003255
1753	0.536621094
1754	0.521077474
1755	0.510823568
1756	0.521240234
1757	0.544189453
1758	0.545328776
1759	0.564127604
1760	0.553141276
1761	0.537597656
1762	0.540852865
1763	0.521972656
1764	0.52726237
1765	0.51546224
1766	0.558268229
1767	0.53108724
1768	0.555175781
1769	0.536865234
1770	0.560302734
1771	0.538574219
1772	0.55859375
1773	0.536946615
1774	0.537841797
1775	0.534667969
1776	0.530843099
1777	0.509277344
1778	0.513346354
1779	0.544108073
1780	0.531901042
1781	0.528971354
1782	0.53531901
1783	0.534098307
1784	0.56632487
1785	0.57438151
1786	0.549804688
1787	0.531738281
1788	0.512776693
1789	0.520996094
1790	0.531005859
1791	0.52360026
1792	0.53531901
1793	0.531494141
1794	0.532714844
1795	0.548177083
1796	0.539876302
1797	0.54288737
1798	0.556722005
1799	0.536702474
1800	0.514078776
1801	0.498453776
1802	0.530761719
1803	0.557617188
1804	0.529622396
1805	0.512858073
1806	0.518717448
1807	0.514160156
1808	0.531656901
1809	0.544026693
1810	0.54695638
1811	0.557779948
1812	0.55859375
1813	0.531575521
1814	0.535970052
1815	0.509521484
1816	0.513427734
1817	0.529378255
1818	0.510660807
1819	0.519287109
1820	0.560465495
1821	0.535481771
1822	0.560384115
1823	0.540527344
1824	0.533447266
1825	0.556803385
1826	0.530273438
1827	0.524983724
1828	0.535481771
1829	0.553141276
1830	0.528076172
1831	0.517985026
1832	0.524576823
1833	0.516357422
1834	0.52718099
1835	0.554280599
1836	0.536214193
1837	0.511962891
1838	0.521972656
1839	0.520914714
1840	0.533691406
1841	0.544596354
1842	0.541097005
1843	0.530192057
1844	0.53531901
1845	0.541422526
1846	0.53889974
1847	0.544270833
1848	0.566813151
1849	0.533040365
1850	0.544352214
1851	0.510009766
1852	0.505533854
1853	0.544596354
1854	0.539876302
1855	0.514567057
1856	0.518554688
1857	0.503580729
1858	0.505126953
1859	0.533610026
1860	0.510904948
1861	0.523844401
1862	0.558268229
1863	0.544921875
1864	0.533528646
1865	0.495035807
1866	0.504964193
1867	0.517903646
1868	0.487060547
1869	0.527587891
1870	0.529052734
1871	0.516357422
1872	0.543701172
1873	0.538492839
1874	0.539876302
1875	0.572347005
1876	0.543782552
1877	0.545898438
1878	0.536458333
1879	0.509195964
1880	0.515625
1881	0.533854167
1882	0.543457031
1883	0.533447266
1884	0.500244141
1885	0.526774089
1886	0.502848307
1887	0.492594401
1888	0.520182292
1889	0.521321615
1890	0.505777995
1891	0.542724609
1892	0.538736979
1893	0.545247396
1894	0.516845703
1895	0.521972656
1896	0.512613932
1897	0.529459635
1898	0.523193359
1899	0.535400391
1900	0.53922526
1901	0.5234375
1902	0.528808594
1903	0.566080729
1904	0.551676432
1905	0.531901042
1906	0.524576823
1907	0.551432292
1908	0.497802734
1909	0.527832031
1910	0.521240234
1911	0.505371094
1912	0.535970052
1913	0.538492839
1914	0.52726237
1915	0.507405599
1916	0.53141276
1917	0.510986328
1918	0.513102214
1919	0.522623698
1920	0.505371094
1921	0.500732422
1922	0.53898112
1923	0.527994792
1924	0.550130208
1925	0.561116536
1926	0.54671224
1927	0.538167318
1928	0.50789388
1929	0.491129557
1930	0.534016927
1931	0.55061849
1932	0.576334635
1933	0.555501302
1934	0.516357422
1935	0.512451172
1936	0.521240234
1937	0.52734375
1938	0.514241536
1939	0.53889974
1940	0.510579427
1941	0.545003255
1942	0.549804688
1943	0.581136068
1944	0.532470703
1945	0.52360026
1946	0.495117188
1947	0.529296875
1948	0.523763021
1949	0.562825521
1950	0.526204427
1951	0.53116862
1952	0.533040365
1953	0.552408854
1954	0.532714844
1955	0.551595052
1956	0.534098307
1957	0.54313151
1958	0.536946615
1959	0.508463542
1960	0.510660807
1961	0.522054036
1962	0.519856771
1963	0.510579427
1964	0.533284505
1965	0.534830729
1966	0.524088542
1967	0.524820964
1968	0.526448568
1969	0.520589193
1970	0.513997396
1971	0.52360026
1972	0.541341146
1973	0.530029297
1974	0.533040365
1975	0.563557943
1976	0.571451823
1977	0.558837891
1978	0.526285807
1979	0.533040365
1980	0.541178385
1981	0.522705078
1982	0.559895833
1983	0.515950521
1984	0.528157552
1985	0.524658203
1986	0.528971354
1987	0.540201823
1988	0.524332682
1989	0.529541016
1990	0.530110677
1991	0.560221354
1992	0.557128906
1993	0.578938802
1994	0.528971354
1995	0.544759115
1996	0.529785156
1997	0.552408854
1998	0.541910807
1999	0.552571615
2000	0.536376953
2001	0.535563151
2002	0.528645833
2003	0.525472005
2004	0.516682943
2005	0.517740885
2006	0.552490234
2007	0.514811198
2008	0.534586589
2009	0.518066406
2010	0.510986328
2011	0.555013021
2012	0.516682943
2013	0.52335612
2014	0.53108724
2015	0.532714844
2016	0.501302083
2017	0.510660807
2018	0.490722656
2019	0.519287109
2020	0.526367188
2021	0.526448568
2022	0.525634766
2023	0.551269531
2024	0.515136719
2025	0.532389323
2026	0.546142578
2027	0.556559245
2028	0.53507487
2029	0.529785156
2030	0.506266276
2031	0.521565755
2032	0.552490234
2033	0.500732422
2034	0.517822266
2035	0.534505208
2036	0.510904948
2037	0.513671875
2038	0.525227865
2039	0.517333984
2040	0.54679362
2041	0.530517578
2042	0.529296875
2043	0.551350911
2044	0.52734375
2045	0.536539714
2046	0.559488932
2047	0.580403646
2048	0.580566406
2049	0.544270833
2050	0.545735677
2051	0.549235026
2052	0.565917969
2053	0.552246094
2054	0.54679362
2055	0.532307943
2056	0.540852865
2057	0.524007161
2058	0.51936849
2059	0.552001953
2060	0.544759115
2061	0.556966146
2062	0.557617188
2063	0.553222656
2064	0.555501302
2065	0.527913411
2066	0.514648438
2067	0.520100911
2068	0.517659505
2069	0.532145182
2070	0.547526042
2071	0.543375651
2072	0.532470703
2073	0.54296875
2074	0.525797526
2075	0.520996094
2076	0.516357422
2077	0.524251302
2078	0.514648438
2079	0.53141276
2080	0.527018229
2081	0.549723307
2082	0.559977214
2083	0.543945313
2084	0.531494141
2085	0.545410156
2086	0.53108724
2087	0.520345052
2088	0.536539714
2089	0.539876302
2090	0.546630859
2091	0.511393229
2092	0.529947917
2093	0.559814453
2094	0.53499349
2095	0.516194661
2096	0.56233724
2097	0.553955078
2098	0.565592448
2099	0.541015625
2100	0.541178385
2101	0.557861328
2102	0.550455729
2103	0.559977214
2104	0.554361979
2105	0.552897135
2106	0.538818359
2107	0.539632161
2108	0.531575521
2109	0.555338542
2110	0.547281901
2111	0.535400391
2112	0.547526042
2113	0.528808594
2114	0.544840495
2115	0.537516276
2116	0.521484375
2117	0.553873698
2118	0.546223958
2119	0.54703776
2120	0.531656901
2121	0.541259766
2122	0.549886068
2123	0.564046224
2124	0.538818359
2125	0.524088542
2126	0.509277344
2127	0.521402995
2128	0.532307943
2129	0.547932943
2130	0.546875
2131	0.547281901
2132	0.560465495
2133	0.556640625
2134	0.548177083
2135	0.560953776
2136	0.548583984
2137	0.542643229
2138	0.536702474
2139	0.534505208
2140	0.552571615
2141	0.532470703
2142	0.537272135
2143	0.523681641
2144	0.538004557
2145	0.51554362
2146	0.545491536
2147	0.513997396
2148	0.517333984
2149	0.518391927
2150	0.53125
2151	0.548095703
2152	0.502604167
2153	0.530843099
2154	0.510823568
2155	0.529622396
2156	0.534098307
2157	0.522216797
2158	0.509684245
2159	0.524169922
2160	0.540283203
2161	0.512858073
2162	0.512125651
2163	0.49210612
2164	0.494954427
2165	0.526611328
2166	0.506022135
2167	0.559163411
2168	0.524820964
2169	0.532145182
2170	0.533854167
2171	0.510986328
2172	0.513753255
2173	0.549479167
2174	0.53531901
2175	0.494954427
2176	0.48836263
2177	0.501953125
2178	0.527750651
2179	0.504720052
2180	0.520996094
2181	0.517171224
2182	0.522379557
2183	0.548258464
2184	0.519205729
2185	0.541178385
2186	0.515055339
2187	0.520182292
2188	0.521565755
2189	0.488932292
2190	0.542480469
2191	0.506266276
2192	0.524739583
2193	0.488850911
2194	0.541503906
2195	0.505777995
2196	0.506022135
2197	0.503336589
2198	0.499348958
2199	0.49601237
2200	0.496582031
2201	0.515869141
2202	0.485432943
2203	0.508789063
2204	0.492513021
2205	0.518229167
2206	0.524169922
2207	0.498209635
2208	0.50390625
2209	0.49625651
2210	0.517089844
2211	0.497558594
2212	0.497233073
2213	0.478434245
2214	0.501057943
2215	0.518717448
2216	0.497558594
2217	0.553385417
2218	0.511311849
2219	0.513264974
2220	0.548339844
2221	0.500813802
2222	0.483561198
2223	0.503580729
2224	0.50406901
2225	0.499348958
2226	0.489501953
2227	0.507405599
2228	0.489908854
2229	0.503011068
2230	0.519042969
2231	0.498942057
2232	0.479410807
2233	0.520833333
2234	0.495686849
2235	0.500488281
2236	0.480794271
2237	0.498779297
2238	0.506103516
2239	0.488037109
2240	0.500895182
2241	0.483398438
2242	0.502766927
2243	0.503580729
2244	0.508870443
2245	0.505859375
2246	0.508789063
2247	0.521402995
2248	0.500325521
2249	0.501057943
2250	0.506835938
2251	0.510904948
2252	0.49235026
2253	0.521484375
2254	0.519124349
2255	0.510904948
2256	0.505371094
2257	0.497477214
2258	0.491943359
2259	0.483642578
2260	0.515055339
2261	0.511067708
2262	0.486735026
2263	0.493733724
2264	0.522623698
2265	0.521891276
2266	0.511962891
2267	0.517659505
2268	0.51578776
2269	0.508382161
2270	0.510986328
2271	0.508300781
2272	0.498209635
2273	0.498453776
2274	0.490397135
2275	0.517740885
2276	0.485839844
2277	0.520426432
2278	0.508463542
2279	0.50797526
2280	0.527994792
2281	0.50382487
2282	0.499430339
2283	0.502766927
2284	0.521158854
2285	0.493082682
2286	0.491373698
2287	0.513102214
2288	0.506673177
2289	0.49609375
2290	0.516682943
2291	0.494954427
2292	0.480957031
2293	0.516357422
2294	0.491455078
2295	0.499593099
2296	0.534749349
2297	0.529866536
2298	0.531901042
2299	0.50789388
2300	0.523193359
2301	0.525472005
2302	0.517171224
2303	0.53116862
2304	0.564860026
2305	0.51944987
2306	0.500651042
2307	0.50797526
2308	0.500651042
2309	0.510253906
2310	0.541748047
2311	0.510823568
2312	0.490804036
2313	0.513671875
2314	0.509358724
2315	0.498128255
2316	0.497395833
2317	0.511474609
2318	0.507568359
2319	0.520996094
2320	0.500488281
2321	0.540283203
2322	0.55061849
2323	0.538248698
2324	0.53108724
2325	0.552083333
2326	0.51953125
2327	0.54703776
2328	0.533610026
2329	0.526204427
2330	0.549560547
2331	0.517171224
2332	0.530924479
2333	0.509277344
2334	0.523111979
2335	0.49991862
2336	0.497965495
2337	0.507405599
2338	0.5078125
2339	0.470865885
2340	0.526448568
2341	0.497395833
2342	0.497721354
2343	0.495035807
2344	0.508951823
2345	0.499511719
2346	0.508951823
2347	0.500813802
2348	0.530110677
2349	0.501302083
2350	0.50406901
2351	0.510498047
2352	0.519205729
2353	0.548665365
2354	0.565673828
2355	0.536458333
2356	0.527099609
2357	0.52335612
2358	0.526611328
2359	0.520182292
2360	0.518066406
2361	0.485921224
2362	0.49601237
2363	0.489990234
2364	0.491455078
2365	0.478515625
2366	0.487467448
2367	0.517008464
2368	0.503092448
2369	0.52327474
2370	0.50406901
2371	0.513427734
2372	0.54703776
2373	0.547281901
2374	0.551676432
2375	0.538818359
2376	0.545735677
2377	0.549723307
2378	0.524739583
2379	0.552001953
2380	0.537272135
2381	0.513590495
2382	0.516764323
2383	0.513916016
2384	0.517252604
2385	0.520589193
2386	0.534830729
2387	0.516845703
2388	0.537516276
2389	0.496744792
2390	0.514078776
2391	0.486653646
2392	0.537434896
2393	0.506998698
2394	0.538248698
2395	0.516438802
2396	0.514729818
2397	0.508463542
2398	0.538492839
2399	0.522298177
2400	0.522460938
2401	0.549641927
2402	0.533284505
2403	0.55452474
2404	0.56640625
2405	0.546630859
2406	0.553304036
2407	0.531494141
2408	0.510253906
2409	0.505615234
2410	0.512939453
2411	0.507568359
2412	0.523030599
2413	0.501953125
2414	0.503011068
2415	0.49226888
2416	0.510253906
2417	0.506673177
2418	0.546630859
2419	0.539306641
2420	0.528808594
2421	0.531656901
2422	0.517008464
2423	0.520833333
2424	0.525797526
2425	0.514404297
2426	0.55094401
2427	0.541259766
2428	0.531738281
2429	0.534912109
2430	0.511230469
2431	0.504720052
2432	0.489664714
2433	0.51554362
2434	0.520263672
2435	0.547851563
2436	0.544108073
2437	0.523925781
2438	0.539550781
2439	0.515869141
2440	0.542724609
2441	0.493815104
2442	0.544189453
2443	0.513346354
2444	0.542480469
2445	0.514078776
2446	0.522867839
2447	0.549804688
2448	0.546061198
2449	0.531982422
2450	0.545003255
2451	0.563883464
2452	0.537516276
2453	0.539632161
2454	0.545654297
2455	0.539957682
2456	0.535725911
2457	0.533121745
2458	0.518147786
2459	0.508951823
2460	0.506754557
2461	0.517171224
2462	0.542317708
2463	0.526936849
2464	0.523844401
2465	0.500569661
2466	0.521077474
2467	0.537434896
2468	0.544433594
2469	0.554199219
2470	0.525146484
2471	0.540527344
2472	0.501139323
2473	0.496744792
2474	0.495279948
2475	0.500976563
2476	0.552815755
2477	0.529541016
2478	0.521891276
2479	0.518473307
2480	0.528645833
2481	0.501139323
2482	0.483479818
2483	0.488932292
2484	0.493001302
2485	0.528564453
2486	0.504638672
2487	0.49625651
2488	0.505533854
2489	0.48828125
2490	0.528645833
2491	0.494954427
2492	0.508870443
2493	0.502766927
2494	0.516845703
2495	0.51578776
2496	0.503173828
2497	0.528564453
2498	0.505777995
2499	0.506754557
2500	0.524983724
2501	0.516357422
2502	0.508056641
2503	0.499348958
2504	0.493733724
2505	0.519775391
2506	0.477050781
2507	0.514648438
2508	0.517578125
2509	0.530598958
2510	0.508707682
2511	0.482584635
2512	0.515950521
2513	0.510335286
2514	0.534830729
2515	0.494384766
2516	0.498291016
2517	0.53523763
2518	0.493001302
2519	0.509765625
2520	0.491780599
2521	0.508056641
2522	0.482666016
2523	0.483968099
2524	0.526367188
2525	0.504231771
2526	0.514404297
2527	0.495117188
2528	0.495035807
2529	0.501139323
2530	0.530192057
2531	0.501708984
2532	0.471923828
2533	0.476155599
2534	0.474527995
2535	0.501627604
2536	0.502360026
2537	0.486897786
2538	0.489908854
2539	0.471679688
2540	0.510172526
2541	0.501464844
2542	0.485107422
2543	0.510986328
2544	0.501708984
2545	0.496907552
2546	0.489095052
2547	0.482014974
2548	0.515218099
2549	0.499755859
2550	0.503580729
2551	0.505615234
2552	0.506591797
2553	0.47639974
2554	0.484944661
2555	0.523030599
2556	0.482666016
2557	0.487304688
2558	0.487467448
2559	0.520263672
2560	0.514811198
2561	0.502278646
2562	0.501790365
2563	0.497802734
2564	0.511962891
2565	0.496582031
2566	0.493245443
2567	0.48811849
2568	0.49601237
2569	0.467610677
2570	0.500325521
2571	0.500732422
2572	0.499104818
2573	0.511393229
2574	0.547200521
2575	0.547770182
2576	0.51180013
2577	0.528320313
2578	0.513834635
2579	0.506673177
2580	0.521240234
2581	0.504394531
2582	0.515055339
2583	0.543538411
2584	0.553466797
2585	0.552001953
2586	0.544759115
2587	0.537923177
2588	0.541910807
2589	0.51961263
2590	0.532552083
2591	0.537516276
2592	0.511149089
2593	0.505696615
2594	0.51578776
2595	0.51546224
2596	0.518391927
2597	0.502522786
2598	0.538411458
2599	0.543701172
2600	0.527994792
2601	0.506347656
2602	0.528645833
2603	0.49235026
2604	0.495279948
2605	0.514811198
2606	0.506998698
2607	0.502685547
2608	0.510172526
2609	0.531494141
2610	0.516764323
2611	0.517171224
2612	0.499104818
2613	0.489583333
2614	0.517659505
2615	0.502685547
2616	0.51546224
2617	0.478841146
2618	0.525553385
2619	0.49991862
2620	0.535400391
2621	0.509684245
2622	0.51570638
2623	0.517903646
2624	0.500406901
2625	0.514811198
2626	0.514729818
2627	0.540364583
2628	0.523844401
2629	0.525227865
2630	0.520751953
2631	0.534261068
2632	0.527913411
2633	0.550130208
2634	0.559814453
2635	0.560953776
2636	0.54313151
2637	0.547200521
2638	0.574951172
2639	0.536132813
2640	0.516520182
2641	0.540201823
2642	0.516927083
2643	0.500325521
2644	0.52327474
2645	0.538574219
2646	0.521647135
2647	0.503336589
2648	0.51180013
2649	0.55460612
2650	0.533528646
2651	0.52327474
2652	0.51944987
2653	0.507568359
2654	0.500406901
2655	0.498291016
2656	0.498209635
2657	0.510416667
2658	0.517171224
2659	0.530273438
2660	0.502522786
2661	0.487874349
2662	0.478597005
2663	0.469563802
2664	0.516438802
2665	0.488525391
2666	0.494466146
2667	0.510986328
2668	0.518066406
2669	0.509602865
2670	0.54313151
2671	0.51155599
2672	0.504882813
2673	0.483561198
2674	0.46858724
2675	0.502522786
2676	0.504557292
2677	0.49617513
2678	0.494303385
2679	0.512207031
2680	0.508544922
2681	0.517578125
2682	0.508382161
2683	0.503499349
2684	0.500976563
2685	0.503092448
2686	0.505126953
2687	0.504882813
2688	0.513834635
2689	0.489501953
2690	0.491048177
2691	0.503417969
2692	0.502522786
2693	0.504882813
2694	0.50773112
2695	0.520751953
2696	0.498209635
2697	0.478352865
2698	0.494059245
2699	0.515380859
2700	0.517659505
2701	0.509358724
2702	0.481526693
2703	0.499755859
2704	0.51180013
2705	0.523763021
2706	0.502441406
2707	0.491292318
2708	0.495524089
2709	0.517089844
2710	0.478027344
2711	0.492431641
2712	0.477132161
2713	0.511474609
2714	0.503255208
2715	0.468343099
2716	0.470703125
2717	0.51554362
2718	0.49601237
2719	0.490641276
2720	0.512044271
2721	0.481282552
2722	0.479166667
2723	0.463541667
2724	0.483235677
2725	0.513264974
2726	0.502115885
2727	0.497884115
2728	0.529459635
2729	0.532307943
2730	0.545735677
2731	0.503173828
2732	0.514567057
2733	0.489908854
2734	0.51188151
2735	0.50390625
2736	0.490397135
2737	0.489990234
2738	0.490559896
2739	0.477945964
2740	0.489664714
2741	0.486572266
2742	0.516031901
2743	0.50773112
2744	0.49202474
2745	0.509684245
2746	0.51578776
2747	0.487548828
2748	0.501790365
2749	0.509684245
2750	0.512532552
2751	0.497558594
2752	0.494222005
2753	0.499023438
2754	0.520833333
2755	0.52734375
2756	0.501790365
2757	0.499023438
2758	0.507324219
2759	0.542154948
2760	0.515625
2761	0.519042969
2762	0.490478516
2763	0.534830729
2764	0.505696615
2765	0.476155599
2766	0.472249349
2767	0.506429036
2768	0.498860677
2769	0.496663411
2770	0.520833333
2771	0.491943359
2772	0.479166667
2773	0.48038737
2774	0.497477214
2775	0.497314453
2776	0.50764974
2777	0.510742188
2778	0.530680339
2779	0.539469401
2780	0.545166016
2781	0.500976563
2782	0.506835938
2783	0.498942057
2784	0.498697917
2785	0.490722656
2786	0.474446615
2787	0.472412109
2788	0.500651042
2789	0.481282552
2790	0.496663411
2791	0.480957031
2792	0.491210938
2793	0.510498047
2794	0.510904948
2795	0.499430339
2796	0.49625651
2797	0.476888021
2798	0.489746094
2799	0.502278646
2800	0.503336589
2801	0.494140625
2802	0.507486979
2803	0.500813802
2804	0.493896484
2805	0.515136719
2806	0.487141927
2807	0.501057943
2808	0.517089844
2809	0.538085938
2810	0.520670573
2811	0.500488281
2812	0.506184896
2813	0.486572266
2814	0.504475911
2815	0.501953125
2816	0.518066406
2817	0.508219401
2818	0.526855469
2819	0.521891276
2820	0.528727214
2821	0.524902344
2822	0.491048177
2823	0.493733724
2824	0.502360026
2825	0.516927083
2826	0.53898112
2827	0.516601563
2828	0.481282552
2829	0.52360026
2830	0.520019531
2831	0.482584635
2832	0.513916016
2833	0.51163737
2834	0.502441406
2835	0.51944987
2836	0.508056641
2837	0.48429362
2838	0.528076172
2839	0.510579427
2840	0.531494141
2841	0.512776693
2842	0.49226888
2843	0.506754557
2844	0.521809896
2845	0.495524089
2846	0.511474609
2847	0.505126953
2848	0.50382487
2849	0.524902344
2850	0.551025391
2851	0.505289714
2852	0.510335286
2853	0.504394531
2854	0.496988932
2855	0.547770182
2856	0.505615234
2857	0.519124349
2858	0.526367188
2859	0.525227865
2860	0.517985026
2861	0.530110677
2862	0.525878906
2863	0.508870443
2864	0.523763021
2865	0.506835938
2866	0.539306641
2867	0.514322917
2868	0.519287109
2869	0.534016927
2870	0.5078125
2871	0.553955078
2872	0.510742188
2873	0.509928385
2874	0.545572917
2875	0.530192057
2876	0.565022786
2877	0.538248698
2878	0.487141927
2879	0.539957682
2880	0.542236328
2881	0.491373698
2882	0.52360026
2883	0.499104818
2884	0.541992188
2885	0.571370443
2886	0.567952474
2887	0.544677734
2888	0.556803385
2889	0.553873698
2890	0.552571615
2891	0.544840495
2892	0.51936849
2893	0.520263672
2894	0.50797526
2895	0.509195964
2896	0.545572917
2897	0.541666667
2898	0.513509115
2899	0.530354818
2900	0.543212891
2901	0.51180013
2902	0.506835938
2903	0.544759115
2904	0.54703776
2905	0.547932943
2906	0.518798828
2907	0.547281901
2908	0.528076172
2909	0.504638672
2910	0.513509115
2911	0.549804688
2912	0.513997396
2913	0.5390625
2914	0.533610026
2915	0.50382487
2916	0.514811198
2917	0.510986328
2918	0.510986328
2919	0.526529948
2920	0.541178385
2921	0.55078125
2922	0.517171224
2923	0.521647135
2924	0.536783854
2925	0.525390625
2926	0.554117839
2927	0.513020833
2928	0.51188151
2929	0.524576823
2930	0.524332682
2931	0.492757161
2932	0.522379557
2933	0.518717448
2934	0.545491536
2935	0.539550781
2936	0.53116862
2937	0.562174479
2938	0.530192057
2939	0.522135417
2940	0.53507487
2941	0.53125
2942	0.517171224
2943	0.527099609
2944	0.498046875
2945	0.538574219
2946	0.523030599
2947	0.505696615
2948	0.491617839
2949	0.48836263
2950	0.487955729
2951	0.516682943
2952	0.515055339
2953	0.534586589
2954	0.530029297
2955	0.496826172
2956	0.494384766
2957	0.540934245
2958	0.519205729
2959	0.497395833
2960	0.512858073
2961	0.528076172
2962	0.505615234
2963	0.508056641
2964	0.522949219
2965	0.518636068
2966	0.531901042
2967	0.535807292
2968	0.525472005
2969	0.527750651
2970	0.562011719
2971	0.54296875
2972	0.537597656
2973	0.533040365
2974	0.508707682
2975	0.533528646
2976	0.518961589
2977	0.502197266
2978	0.522135417
2979	0.505371094
2980	0.532552083
2981	0.564290365
2982	0.541992188
2983	0.521240234
2984	0.499267578
2985	0.494303385
2986	0.510335286
2987	0.523111979
2988	0.518636068
2989	0.491780599
2990	0.50390625
2991	0.514241536
2992	0.531575521
2993	0.534749349
2994	0.521728516
2995	0.512451172
2996	0.503580729
2997	0.493652344
2998	0.51171875
2999	0.498779297
3000	0.48811849
3001	0.514078776
3002	0.537597656
3003	0.515950521
3004	0.48844401
3005	0.497314453
3006	0.513020833
3007	0.544677734
3008	0.540445964
3009	0.513264974
3010	0.524251302
3011	0.512858073
3012	0.522623698
3013	0.506510417
3014	0.512776693
3015	0.513020833
3016	0.529703776
3017	0.548828125
3018	0.536295573
3019	0.527832031
3020	0.527018229
3021	0.537027995
3022	0.562988281
3023	0.540608724
3024	0.534505208
3025	0.543538411
3026	0.531819661
3027	0.526285807
3028	0.530192057
3029	0.514404297
3030	0.544026693
3031	0.595947266
3032	0.544026693
3033	0.506835938
3034	0.486979167
3035	0.485026042
3036	0.516438802
3037	0.51546224
3038	0.52327474
3039	0.539876302
3040	0.542073568
3041	0.524414063
3042	0.540608724
3043	0.545003255
3044	0.556477865
3045	0.50406901
3046	0.50008138
3047	0.514892578
3048	0.537027995
3049	0.502197266
3050	0.530110677
3051	0.490071615
3052	0.517578125
3053	0.50789388
3054	0.502034505
3055	0.540039063
3056	0.549235026
3057	0.54313151
3058	0.528889974
3059	0.533447266
3060	0.530029297
3061	0.509684245
3062	0.555013021
3063	0.520182292
3064	0.519938151
3065	0.495524089
3066	0.51969401
3067	0.525309245
3068	0.51578776
3069	0.516113281
3070	0.528157552
3071	0.525065104
3072	0.561767578
3073	0.529866536
3074	0.540120443
3075	0.568766276
3076	0.540934245
3077	0.544026693
3078	0.556559245
3079	0.545979818
3080	0.528727214
3081	0.562825521
3082	0.52360026
3083	0.50797526
3084	0.499674479
3085	0.491373698
3086	0.479654948
3087	0.526855469
3088	0.501302083
3089	0.567708333
3090	0.603027344
3091	0.55061849
3092	0.53889974
3093	0.534016927
3094	0.561197917
3095	0.531575521
3096	0.494791667
3097	0.51936849
3098	0.537923177
3099	0.490071615
3100	0.568196615
3101	0.492675781
3102	0.501953125
3103	0.484700521
3104	0.505696615
3105	0.559570313
