epoch;averagre reward
1;-93.02701342
2;-93.08878232
3;-93.20289936
4;-93.16739302
5;-93.14560997
6;-93.22813821
7;-93.20517989
8;-93.32224631
9;-93.33375412
10;-93.49588413
11;-93.60011234
12;-93.75558501
13;-93.77272163
14;-93.76867483
15;-93.79702642
16;-93.90117981
17;-93.93714425
18;-94.04300976
19;-94.11129364
20;-94.20703922
21;-94.30695271
22;-94.34549287
23;-94.44878496
24;-94.5273045
25;-94.5987514
26;-94.62249269
27;-94.79992994
28;-94.90870903
29;-94.99066922
30;-95.45599587
31;-95.46096141
32;-95.33771377
33;-95.336789
34;-95.28996335
35;-95.35553291
36;-95.58116272
37;-95.58940013
38;-95.44978392
39;-95.55569999
40;-95.72069039
41;-95.87650733
42;-96.16348873
43;-96.12665521
44;-96.03181994
45;-96.04401629
46;-96.15892108
47;-96.14671984
48;-96.20219443
49;-96.15040668
50;-96.08663817
51;-95.99450606
52;-95.69189347
53;-95.40915819
54;-94.957503
55;-95.0155584
56;-94.81756041
57;-94.7885313
58;-94.8421769
59;-94.19772868
60;-93.8137598
61;-93.61203626
62;-93.54201594
63;-93.35417428
64;-93.25437605
65;-93.15977193
66;-93.24159622
67;-92.98978242
68;-92.93438886
69;-92.49770958
70;-92.43950895
71;-92.4131968
72;-92.22009774
73;-91.94467598
74;-91.29686415
75;-90.90152614
76;-90.34868961
77;-89.34490509
78;-88.87595953
79;-88.36802921
80;-87.52779059
81;-86.87184736
82;-85.67393766
83;-85.7189498
84;-85.23922687
85;-84.79273878
86;-84.37083191
87;-83.69727128
88;-83.22257397
89;-82.84631795
90;-81.3259401
91;-80.66373601
92;-79.96763388
93;-78.84030397
94;-78.6274308
95;-78.15531367
96;-77.13572944
97;-76.71111589
98;-76.38328263
99;-76.16646972
100;-75.61592048
101;-74.54082337
102;-73.90861759
103;-72.77145336
104;-72.17753762
105;-71.64298834
106;-70.94685394
107;-70.59294843
108;-68.83107771
109;-68.39947116
110;-67.93432132
111;-67.46450741
112;-66.16810558
113;-64.94472698
114;-64.45152008
115;-64.34804309
116;-63.66010623
117;-61.63813202
118;-60.61140096
119;-59.31877047
120;-57.70673948
121;-56.54543683
122;-55.20318224
123;-54.24290471
124;-52.4157824
125;-52.61228771
126;-51.84575295
127;-51.1928488
128;-50.43749816
129;-49.05831904
130;-48.08866007
131;-47.18101771
132;-46.99286968
133;-46.54822595
134;-44.63893929
135;-43.67411146
136;-43.79168079
137;-43.0695193
138;-42.06565929
139;-41.21936135
140;-40.77981747
141;-40.22426309
142;-38.90898171
143;-38.04050241
144;-36.90014058
145;-35.6778565
146;-34.11171385
147;-34.10121178
148;-33.13617529
149;-32.0762379
150;-30.65406829
151;-27.79999414
152;-27.74533962
153;-27.32252467
154;-27.52856951
155;-26.31300835
156;-26.26708575
157;-25.51334387
158;-24.32287248
159;-24.74804195
160;-24.42275837
161;-24.2636265
162;-23.22237231
163;-22.50132206
164;-21.58795634
165;-19.45353046
166;-18.74183515
167;-18.1100377
168;-17.61330223
169;-17.7348087
170;-17.19313668
171;-17.38759319
172;-16.00523838
173;-15.98168426
174;-15.00314264
175;-15.18720712
176;-14.41523648
177;-13.02464438
178;-12.91617958
179;-13.12643232
180;-12.40312888
181;-11.86900603
182;-11.4035183
183;-10.10938655
184;-10.41265861
185;-10.05903435
186;-10.0112909
187;-7.252660371
188;-6.729572712
189;-7.447080939
190;-7.024331248
191;-5.792530039
192;-5.589278112
193;-5.459105054
194;-5.186826134
195;-5.623798836
196;-5.614713442
197;-5.857882104
198;-5.687772274
199;-4.322944154
200;-4.133541289
201;-3.300088368
202;-4.851236325
203;-3.533476366
204;-2.327322253
205;-2.045311466
206;-1.619637531
207;-1.087559201
208;-0.263652814
209;-0.392309875
210;-0.44534304
211;0.57510403
212;0.978632019
213;0.966454232
214;0.094759896
215;-0.536733592
216;-1.749636425
217;-0.487436189
218;-0.017630542
219;-0.710749131
220;0.353544279
221;0.025789902
222;0.289961195
223;-0.828567038
224;-0.994618557
225;-2.009183627
226;-2.086498459
227;-1.385276198
228;-1.570641758
229;-1.786722402
230;-1.23978825
231;-1.885092148
232;-1.539941229
233;-2.866402079
234;-2.701836873
235;-2.675956096
236;-3.542852219
237;-4.200062205
238;-5.223692163
239;-5.699743747
240;-5.487382754
241;-5.175845657
242;-5.03411886
243;-5.39806469
244;-6.383591418
245;-6.44025324
246;-6.376258272
247;-5.532102791
248;-6.150760602
249;-5.544597098
250;-6.601414236
251;-6.727035644
252;-6.762892649
253;-6.993876036
254;-7.346705149
255;-8.469011885
256;-8.060213053
257;-9.179288676
258;-8.410817157
259;-8.669898474
260;-9.434009199
261;-8.868935847
262;-8.713893617
263;-8.684436657
264;-8.78558685
265;-8.529622395
266;-7.992760333
267;-8.232044352
268;-8.4286306
269;-8.635171841
270;-8.03927879
271;-8.562562291
272;-8.240026857
273;-8.782558763
274;-7.882140073
275;-7.492255288
276;-7.078063461
277;-7.083837516
278;-6.37284559
279;-6.270745759
280;-5.264161207
281;-5.210689241
282;-4.666868966
283;-4.926966024
284;-3.694114468
285;-4.140501311
286;-3.584159571
287;-2.712863934
288;-1.231623968
289;-1.211783433
290;-0.423260279
291;1.085447281
292;1.221482002
293;1.503834526
294;1.245883204
295;2.519202487
296;3.021902591
297;3.703438897
298;4.231087582
299;5.830782386
300;6.119180512
301;6.868359308
302;8.186621111
303;7.951092534
304;8.336558766
305;8.932023898
306;10.76068418
307;11.11928868
308;11.54190434
309;11.76391049
310;12.66091481
311;14.60382109
312;15.00047097
313;15.10844124
314;15.66023699
315;16.47780776
316;16.84398549
317;16.87370428
318;17.50233141
319;17.42587812
320;18.46648246
321;18.91168432
322;19.9746232
323;21.20505905
324;21.6267923
325;21.52864697
326;22.17145887
327;23.6283123
328;23.78106023
329;23.62439982
330;23.16249252
331;23.65798846
332;24.28728385
333;25.04283773
334;26.12223363
335;26.21114543
336;27.11090512
337;28.00043499
338;28.12539926
339;28.95208663
340;29.9542401
341;30.26078036
342;30.71162636
343;30.92557918
344;31.51175191
345;31.9370635
346;31.69984077
347;32.20600252
348;32.63921207
349;32.8372357
350;32.28715665
351;33.1161274
352;32.40131251
353;32.27869645
354;32.92575074
355;34.01802923
356;33.87789657
357;34.01444224
358;34.87313771
359;35.90640359
360;35.99685171
361;36.28821124
362;36.38541753
363;36.85910299
364;38.27996869
365;39.01596617
366;39.12028098
367;40.04181899
368;40.55575142
369;42.11545116
370;42.65576911
371;41.39536489
372;41.76498783
373;42.49196308
374;42.78286858
375;44.24356765
376;44.75004421
377;46.08287072
378;46.79447613
379;48.21943285
380;49.16806749
381;50.30493659
382;51.35078595
383;51.548889
384;50.95263479
385;51.04221311
386;52.64168056
387;53.1881229
388;53.84287406
389;54.5149647
390;54.65217915
391;53.42211084
392;53.68390088
393;54.00338048
394;54.18091969
395;54.00790753
396;54.57415566
397;56.0243511
398;56.65419727
399;56.20098733
400;56.3709673
401;56.36036408
402;56.64522869
403;57.27159756
404;57.74780982
405;58.24134158
406;58.83859195
407;58.53985382
408;58.60649617
409;58.53773843
410;58.74545824
411;58.50368938
412;59.04746511
413;59.74068992
414;59.75132541
415;58.25651119
416;57.88628573
417;57.74591275
418;58.12868221
419;57.72797151
420;56.74447849
421;57.88177062
422;58.45317608
423;57.76777785
424;57.71091186
425;58.09283727
426;57.29965201
427;57.09307883
428;56.2311186
429;55.43772665
430;55.20536364
431;52.84960042
432;53.17230404
433;52.47672896
434;52.41566052
435;53.32976845
436;52.4342018
437;50.58215167
438;49.30852316
439;49.25842024
440;49.44010879
441;49.20748122
442;49.48023131
443;50.06560355
444;49.91479709
445;50.83207185
446;51.06006349
447;50.76617999
448;50.41323018
449;50.76096148
450;51.28261309
451;50.70205755
452;50.64217242
453;48.94318329
454;50.15756744
455;50.55997408
456;49.43552959
457;49.1624195
458;50.53802495
459;50.24767873
460;50.33787368
461;49.58054489
462;49.62132849
463;48.57318001
464;48.7567125
465;47.86882116
466;49.50380345
467;49.57243161
468;50.30416103
469;49.89001408
470;50.52243184
471;51.03257586
472;50.78195229
473;52.0431483
474;53.22260592
475;52.738951
476;51.56740015
477;51.60304104
478;51.92968388
479;52.60970133
480;52.45873433
481;52.14073977
482;54.6070607
483;53.54889161
484;54.43687854
485;55.13334138
486;55.48020899
487;56.3271443
488;57.58516667
489;57.84413707
490;57.08942245
491;56.37951321
492;55.67091111
493;56.0589342
494;56.00280183
495;55.51392105
496;54.64552125
497;53.86410237
498;54.5084742
499;53.45612186
500;52.99167331
501;52.06398837
502;52.23362855
503;52.17478382
504;53.65994804
505;52.50361971
506;51.27922928
507;51.27213963
508;50.72487929
509;48.84232135
510;48.54569292
511;48.04192309
512;48.31566009
513;49.47870713
514;50.05617519
515;48.12722767
516;48.83883498
517;47.03423699
518;46.69749651
519;46.36481352
520;46.7051898
521;46.47558128
522;45.59629921
523;43.66991575
524;42.58826408
525;40.25654364
526;40.7734239
527;39.98969842
528;40.14229101
529;39.58765915
530;39.18088897
531;39.00828155
532;39.65766564
533;38.64976722
534;39.22676266
535;38.64857593
536;36.616841
537;34.67548847
538;34.17256278
539;33.52739648
540;33.32495987
541;33.8137425
542;33.12592789
543;34.32663422
544;34.35660815
545;33.28751933
546;32.72055264
547;32.71598113
548;32.3363955
549;32.50663479
550;32.98139066
551;31.72258699
552;33.02481494
553;32.42776268
554;31.8800981
555;30.93192795
556;30.70352258
557;30.5233809
558;30.56524859
559;30.07812839
560;31.23663371
561;30.60486732
562;30.44220906
563;31.48604267
564;31.29157766
565;30.18436747
566;30.97737856
567;30.78354137
568;31.31205662
569;31.18764779
570;30.7660981
571;29.4712669
572;30.43829265
573;32.30226207
574;32.80430433
575;32.77491106
576;32.82144916
577;31.50355863
578;32.46961645
579;31.48200074
580;31.18813273
581;31.21364693
582;30.62506542
583;29.6505032
584;30.54423535
585;30.67027187
586;29.89511955
587;30.67266613
588;30.64031694
589;30.03151973
590;29.93239933
591;30.57497279
592;29.4890741
593;29.14138586
594;27.35043544
595;27.24904696
596;27.37760907
597;26.60603173
598;26.38751389
599;27.14954281
600;26.18135822
601;25.63793141
602;25.84591094
603;24.58723668
604;23.99573941
605;24.34640022
606;23.98124406
607;23.70983898
608;24.02622378
609;24.34836253
610;24.85571691
611;24.46976201
612;25.0092458
613;25.20163852
614;23.34741012
615;22.88532022
616;23.61169524
617;23.01583839
618;24.3809713
619;24.95447513
620;26.0404155
621;25.73870194
622;26.99192037
623;26.29798479
624;24.91486479
625;26.39355489
626;26.51648407
627;27.5001553
628;27.26437916
629;26.74536698
630;26.97928664
631;26.54815504
632;27.06161904
633;28.23424696
634;28.93490252
635;27.40655991
636;26.61037785
637;26.87743205
638;27.03041507
639;28.22199408
640;29.03434354
641;29.53028375
642;29.55600102
643;29.93060777
644;30.87864035
645;31.48557468
646;32.94085093
647;33.09426926
648;33.79519584
649;34.36037265
650;32.73667292
651;31.87477198
652;33.51776765
653;33.89805523
654;35.27438748
655;35.48597417
656;36.16379228
657;36.87874576
658;38.05947633
659;37.93808873
660;38.67768189
661;39.85701585
662;40.10733985
663;40.38344394
664;40.84296055
665;42.78158309
666;42.34350548
667;41.16879014
668;41.02930738
669;39.18682325
670;39.41692866
671;39.4858346
672;40.11389208
673;38.95256611
674;39.77524475
675;39.62494682
676;39.36598718
677;39.81524652
678;39.78826147
679;40.49233041
680;40.13133083
681;40.60292328
682;40.83680033
683;40.01503314
684;39.85262927
685;38.26124448
686;38.42091039
687;38.79142268
688;39.62191603
689;40.04563146
690;39.02034115
691;37.4609196
692;36.2148664
693;37.02447859
694;37.23501782
695;36.54209948
696;36.70895567
697;34.91138748
698;34.27146959
699;34.32920123
700;33.33035947
701;34.42817248
702;35.33611919
703;34.01794216
704;32.98263262
705;31.55961186
706;32.77490761
707;32.05839631
708;31.336249
709;30.12368509
710;29.92615117
711;28.40100863
712;25.47395025
713;25.37486128
714;25.60957212
715;24.87723995
716;25.24273759
717;24.39064682
718;24.23059338
719;24.57888366
720;25.47624329
721;24.55404256
722;24.11517371
723;23.70595634
724;23.55049686
725;23.06720671
726;23.12937804
727;21.8848519
728;20.96766972
729;20.6251639
730;19.87398792
731;19.48079309
732;18.65847511
733;18.93257211
734;18.63182275
735;17.80408556
736;19.65930409
737;20.69226717
738;21.2294928
739;19.91683719
740;19.12764031
741;19.38760879
742;20.63534194
743;20.88782636
744;19.31375855
745;17.56611738
746;17.7085691
747;17.208556
748;17.74669451
749;17.87259986
750;17.97388625
751;19.44731868
752;20.09671461
753;20.57028657
754;19.65822973
755;20.80196628
756;22.10321605
757;21.4142994
758;21.31526141
759;22.67305399
760;24.24224817
761;23.71164853
762;22.81611884
763;23.86694267
764;23.11825215
765;21.82079606
766;20.6330497
767;19.35518437
768;19.87140412
769;19.94042719
770;20.14080428
771;18.23939473
772;19.72142125
773;17.90001233
774;18.78418288
775;18.93459682
776;17.28272092
777;15.66565655
778;15.73286025
779;16.08553741
780;16.48433172
781;17.34253851
782;18.03283609
783;18.12520978
784;17.73619542
785;17.3006196
786;16.38214883
787;15.04419715
788;13.86927466
789;12.77401453
790;12.97025494
791;12.63842664
792;12.78467284
793;12.94999353
794;13.80856427
795;13.73569496
796;15.26131181
797;14.47423163
798;14.54377874
799;13.03658853
800;13.07577024
801;12.69311292
802;10.27755046
803;8.351924907
804;6.938963542
805;6.953136951
806;6.917827487
807;6.299626881
808;5.805013417
809;5.355404613
810;2.959977404
811;0.886063391
812;0.929972589
813;1.47106694
814;0.374662941
815;0.680230062
816;0.775637987
817;0.658923231
818;-0.345345439
819;-0.535667971
820;-0.461386087
821;-1.635636516
822;-1.265914665
823;-2.759715054
824;-1.844989433
825;-4.518753764
826;-4.574208218
827;-4.772816418
828;-4.233240437
829;-4.15740806
830;-4.758248801
831;-6.026459793
832;-6.900771585
833;-6.536869299
834;-6.422781598
835;-6.290201354
836;-7.688040727
837;-7.767105337
838;-9.041450765
839;-9.717203807
840;-9.130697376
841;-10.44548054
842;-10.84443837
843;-12.10314903
844;-13.92922239
845;-15.54624629
846;-16.24979758
847;-17.44041801
848;-17.33855824
849;-18.31187763
850;-17.85315151
851;-18.40827948
852;-19.05071261
853;-19.1018978
854;-18.23263487
855;-18.45314285
856;-17.76103295
857;-18.90312152
858;-20.32881508
859;-21.23947025
860;-21.11204675
861;-20.51007672
862;-19.75251792
863;-19.97050335
864;-20.32656938
865;-19.70554264
866;-21.21729872
867;-22.2407078
868;-21.75653126
869;-22.15171091
870;-22.8911507
871;-22.78826549
872;-23.17524764
873;-23.32981848
874;-23.8432434
875;-24.23651948
876;-23.30023902
877;-24.09522191
878;-24.49205798
879;-24.63589315
880;-25.8147054
881;-24.56951209
882;-23.37761403
883;-23.16137203
884;-24.40047874
885;-25.19237743
886;-25.63397905
887;-23.37954166
888;-22.06838792
889;-22.17353234
890;-22.07431614
891;-21.57401103
892;-20.68765075
893;-20.84238136
894;-20.8277977
895;-20.36272077
896;-19.65267814
897;-19.62490665
898;-18.66201401
899;-18.95873977
900;-18.63921376
901;-19.04615614
902;-18.96031071
903;-18.99837634
904;-18.76387655
905;-18.95430059
906;-18.32849197
907;-19.65661328
908;-19.89822619
909;-19.54537399
910;-19.11349452
911;-19.43633627
912;-18.98550709
913;-19.22500064
914;-18.53600961
915;-18.70922104
916;-19.16861
917;-18.40205907
918;-18.10093038
919;-18.01294062
920;-17.98754907
921;-18.16055929
922;-18.86724524
923;-18.28883293
924;-18.37524592
925;-18.18328942
926;-18.55775608
927;-19.02268181
928;-18.63367536
929;-18.41805832
930;-18.30730302
931;-17.92546571
932;-20.11531749
933;-21.06408615
934;-21.46453377
935;-21.33301716
936;-20.21620291
937;-20.41059818
938;-21.93856908
939;-23.27396849
940;-22.64928392
941;-22.15507698
942;-24.25992184
943;-24.97890714
944;-24.96206734
945;-24.51751614
946;-24.41892838
947;-25.24760123
948;-25.61434517
949;-26.26954505
950;-25.80286017
951;-25.96652119
952;-26.24946138
953;-26.63372845
954;-26.35735046
955;-26.8971983
956;-26.84847626
957;-27.65979236
958;-27.29191159
959;-26.27321138
960;-26.04113774
961;-25.84968468
962;-25.86999943
963;-26.53364976
964;-26.98329339
965;-27.599264
966;-26.88445623
967;-26.89329966
968;-27.04760932
969;-27.0894076
970;-27.70288907
971;-27.52915609
972;-26.97795804
973;-26.67887067
974;-26.54050184
975;-25.71865295
976;-26.563787
977;-25.88717879
978;-25.70556144
979;-24.94325695
980;-24.77065383
981;-25.38349621
982;-25.80500218
983;-24.92396801
984;-25.07342608
985;-25.62247843
986;-25.33605117
987;-26.42239419
988;-25.9136411
989;-26.03753247
990;-26.35859521
991;-26.01276381
992;-26.02860216
993;-25.60177468
994;-25.64158384
995;-25.06968689
996;-25.03599613
997;-24.6098089
998;-24.03766761
999;-22.81397395
1000;-22.52864255
1001;-22.78934565
1002;-22.47694767
1003;-22.06786026
1004;-21.51724286
1005;-21.91828602
1006;-21.50245283
1007;-22.29912095
1008;-21.59105726
1009;-21.3416145
1010;-21.95330095
1011;-21.89974472
1012;-22.10051262
1013;-20.88463373
1014;-20.36794802
1015;-19.75862238
1016;-19.83615921
1017;-19.86993468
1018;-19.78299741
1019;-20.14404954
1020;-20.32168661
1021;-20.13118019
1022;-20.08325474
1023;-20.58298805
1024;-20.89567838
1025;-21.65591394
1026;-21.52111148
1027;-21.33181342
1028;-22.43770057
1029;-23.11889861
1030;-24.516156
1031;-24.48169789
1032;-24.5190698
1033;-24.03877792
1034;-23.79889612
1035;-23.81908807
1036;-23.00212805
1037;-23.18026657
1038;-22.30888512
1039;-22.79770723
1040;-22.94572446
1041;-22.32408393
1042;-22.98078108
1043;-22.24770529
1044;-22.94861216
1045;-22.6442811
1046;-22.19853162
1047;-20.83466107
1048;-20.41463392
1049;-20.89869593
1050;-21.8199045
1051;-23.06562993
1052;-22.49003258
1053;-22.3275195
1054;-22.06946318
1055;-22.46723777
1056;-22.11570585
1057;-21.78873751
1058;-21.28408978
1059;-21.70081595
1060;-21.75140982
1061;-21.87555966
1062;-22.50106781
1063;-22.30172124
1064;-23.72220227
1065;-24.23293533
1066;-24.79993125
1067;-24.25727809
1068;-24.79098887
1069;-25.50632169
1070;-25.13781751
1071;-24.14310989
1072;-24.11856202
1073;-24.8179654
1074;-24.15352773
1075;-24.00230591
1076;-23.99047956
1077;-24.25713974
1078;-24.30457941
1079;-24.27962177
1080;-22.96228139
1081;-22.87809097
1082;-23.42864591
1083;-22.96748942
1084;-23.05029814
1085;-23.83870553
1086;-23.63895016
1087;-23.92802047
1088;-23.58173285
1089;-23.9675643
1090;-22.74256459
1091;-22.69759315
1092;-22.69171198
1093;-23.14643031
1094;-24.22211978
1095;-24.10053736
1096;-24.33822773
1097;-25.87638616
1098;-28.091089
1099;-29.03907204
1100;-29.47815658
1101;-29.60419745
1102;-29.6725496
1103;-30.8840851
1104;-32.01341838
1105;-32.86466824
1106;-33.36441357
1107;-33.38449915
1108;-34.53925538
1109;-35.28113666
1110;-35.21059288
1111;-35.49954657
1112;-36.01186398
1113;-36.4646836
1114;-37.57731817
1115;-37.76407147
1116;-38.22395501
1117;-38.84920727
1118;-40.11137158
1119;-40.47357199
1120;-40.23525195
1121;-41.12482878
1122;-42.51969651
1123;-43.0682127
1124;-43.30507289
1125;-44.34275786
1126;-44.4267933
1127;-44.92698769
1128;-46.03177207
1129;-46.72562403
1130;-46.89697955
1131;-48.29253565
1132;-48.49407805
1133;-48.47992061
1134;-48.96355852
1135;-49.40877052
1136;-49.72327901
1137;-50.40137826
1138;-51.25419272
1139;-52.2117939
1140;-52.82019456
1141;-54.63578797
1142;-54.92833371
1143;-54.95246743
1144;-55.15979455
1145;-56.00593088
1146;-56.28522312
1147;-56.83537899
1148;-56.15707065
1149;-56.48406762
1150;-57.17918983
1151;-57.36607317
1152;-57.71303477
1153;-56.98663774
1154;-56.46081943
1155;-56.37418617
1156;-55.09110649
1157;-54.7849234
1158;-55.30845621
1159;-54.77993478
1160;-54.47726928
1161;-54.8302328
1162;-54.85383945
1163;-55.25136302
1164;-55.03695776
1165;-54.74178061
1166;-55.22516516
1167;-55.11393233
1168;-55.26017429
1169;-55.27157896
1170;-55.22774242
1171;-55.5064417
1172;-55.52704698
1173;-55.33064947
1174;-55.08948154
1175;-55.19566839
1176;-54.93806921
1177;-55.43869879
1178;-55.24213168
1179;-55.06202678
1180;-54.96027681
1181;-54.80711513
1182;-54.81926935
1183;-54.99541557
1184;-55.24771947
1185;-55.05714549
1186;-55.18046389
1187;-55.09273858
1188;-54.78950927
1189;-54.96001888
1190;-55.29905706
1191;-55.88566668
1192;-55.84456274
1193;-55.87802643
1194;-56.24760684
1195;-55.70268055
1196;-55.18065214
1197;-55.22431847
1198;-55.0350431
1199;-55.89533228
1200;-55.91964339
1201;-55.83675874
1202;-55.39225862
1203;-55.49290408
1204;-56.10156482
1205;-56.84927224
1206;-57.03345768
1207;-58.6021533
1208;-59.04148052
1209;-59.22358325
1210;-59.1548477
1211;-59.69403697
1212;-60.02060435
1213;-60.6340636
1214;-60.73157138
1215;-61.3196725
1216;-61.40483193
1217;-61.32598475
1218;-61.3980437
1219;-61.45253383
1220;-61.53759946
1221;-61.83913309
1222;-61.82555345
1223;-61.94047121
1224;-62.15859177
1225;-62.32112212
1226;-62.45733732
1227;-63.02170621
1228;-63.09644984
1229;-63.09604324
1230;-63.1759504
1231;-63.17789823
1232;-63.43493814
1233;-63.52640265
1234;-63.48515626
1235;-63.52337638
1236;-63.75283891
1237;-63.65941333
1238;-63.83693811
1239;-64.02562243
1240;-64.08403536
1241;-64.21443194
1242;-63.98825289
1243;-64.07163184
1244;-64.37304453
1245;-64.73944138
1246;-65.12614131
1247;-65.69912545
1248;-65.61033583
1249;-66.09362423
1250;-66.08347847
1251;-66.03639696
1252;-66.30039814
1253;-66.54214075
1254;-66.65756675
1255;-66.76998355
1256;-66.63530318
1257;-66.80544316
1258;-66.84248229
1259;-66.81933434
1260;-66.71758806
1261;-67.00694665
1262;-66.79092458
1263;-66.28921869
1264;-66.4004662
1265;-66.56574223
1266;-66.6021687
1267;-67.0176241
1268;-66.99784434
1269;-67.13759483
1270;-67.35328984
1271;-67.25158413
1272;-66.99279987
1273;-67.05514615
1274;-67.02710226
1275;-67.24582632
1276;-67.35462346
1277;-67.45069502
1278;-67.45862028
1279;-67.49427137
1280;-67.57125266
1281;-67.69170424
1282;-67.62937675
1283;-67.53197417
1284;-67.12756549
1285;-67.21450762
1286;-67.26928185
1287;-67.52260772
1288;-67.91801333
1289;-68.04789775
1290;-68.36298661
1291;-68.48031538
1292;-68.39048269
1293;-68.56639816
1294;-68.66915714
1295;-68.37197385
1296;-68.66185514
1297;-68.82640223
1298;-68.93512994
1299;-69.06657389
1300;-68.58940756
1301;-68.63602842
1302;-68.4307633
1303;-68.29886238
1304;-68.70615873
1305;-68.578648
1306;-68.32670156
1307;-68.45729241
1308;-68.3138763
1309;-68.44300251
1310;-68.51633371
1311;-68.64094386
1312;-68.66070027
1313;-68.61751168
1314;-69.36870858
1315;-69.55381255
1316;-69.04692258
1317;-69.10496528
1318;-68.28967664
1319;-68.27951744
1320;-68.43674164
1321;-68.44857839
1322;-68.76433004
1323;-68.78220336
1324;-68.9699884
1325;-68.89776959
1326;-68.71647104
1327;-69.04536476
1328;-68.76640662
1329;-68.74117543
1330;-69.02366397
1331;-68.99750726
1332;-69.31038094
1333;-69.54026231
1334;-69.71433899
1335;-70.00084452
1336;-69.83602254
1337;-69.93925891
1338;-70.03337145
1339;-69.66861726
1340;-69.88344616
1341;-70.00107628
1342;-70.14107924
1343;-70.29699599
1344;-70.18638163
1345;-70.23203517
1346;-70.53770842
1347;-70.54329032
1348;-70.31290717
1349;-70.2715366
1350;-70.1742167
1351;-70.7268011
1352;-70.45860398
1353;-70.56355659
1354;-70.54155078
1355;-70.4235416
1356;-70.58267223
1357;-70.90619895
1358;-70.92773671
1359;-70.78296321
1360;-70.13068364
1361;-69.67958907
1362;-69.78814226
1363;-69.92984238
1364;-70.0728664
1365;-69.79415133
1366;-69.42679486
1367;-69.84619886
1368;-69.85561169
1369;-70.54302622
1370;-70.55780179
1371;-70.63077698
1372;-70.65298035
1373;-70.63924028
1374;-70.99983907
1375;-70.80889759
1376;-70.27825729
1377;-70.5816063
1378;-70.34641589
1379;-70.52328772
1380;-70.47461634
1381;-69.87214054
1382;-70.15210229
1383;-70.09026125
1384;-70.07932737
1385;-70.21612015
1386;-70.42174193
1387;-70.49344514
1388;-70.38820593
1389;-70.32870843
1390;-70.56499323
1391;-70.37644262
1392;-70.45632162
1393;-70.2873263
1394;-70.20572371
1395;-70.04357939
1396;-69.9948232
1397;-70.13076084
1398;-70.07601697
1399;-70.16514636
1400;-70.20402638
1401;-70.35625961
1402;-70.20805714
1403;-70.24871451
1404;-70.60036438
1405;-70.82118212
1406;-70.89098114
1407;-70.86704749
1408;-70.94515006
1409;-70.96176527
1410;-71.27316148
1411;-71.78514555
1412;-72.3910475
1413;-72.45812056
1414;-72.47864178
1415;-72.74236512
1416;-72.7577171
1417;-73.04734606
1418;-73.2579053
1419;-73.04559496
1420;-72.970257
1421;-72.98087331
1422;-72.56311033
1423;-72.65447945
1424;-72.71456639
1425;-72.53389014
1426;-72.85469051
1427;-73.46236051
1428;-73.22950673
1429;-73.43634341
1430;-73.34276489
1431;-73.22677227
1432;-73.84781668
1433;-73.00695237
1434;-72.69991603
1435;-72.43752161
1436;-72.4452526
1437;-72.41127654
1438;-72.64641701
1439;-72.68576511
1440;-72.74768257
1441;-72.75323314
1442;-72.95086028
1443;-72.89001011
1444;-72.87310026
1445;-72.89523138
1446;-73.14235379
1447;-73.09948178
1448;-73.08322154
1449;-73.05203428
1450;-73.38410589
1451;-73.32250381
1452;-73.08674246
1453;-73.08612536
1454;-73.29434891
1455;-73.10810773
1456;-72.9468972
1457;-73.14240138
1458;-73.03616492
1459;-72.87697516
1460;-72.90630342
1461;-72.63727413
1462;-72.64795152
1463;-72.53978524
1464;-72.48473541
1465;-72.63033311
1466;-72.57135278
1467;-72.76812178
1468;-72.71100381
1469;-72.53773886
1470;-72.78861048
1471;-72.91449984
1472;-73.02135068
1473;-73.39675554
1474;-73.37778483
1475;-73.28038906
1476;-73.44067971
1477;-73.3098364
1478;-73.44329823
1479;-73.45079602
1480;-73.52769133
1481;-73.83257712
1482;-73.80798635
1483;-73.67427948
1484;-74.24192823
1485;-74.67311676
1486;-74.97663604
1487;-74.88045815
1488;-74.93100777
1489;-74.71121052
1490;-74.96699704
1491;-74.91779073
1492;-74.72853791
1493;-74.59388405
1494;-74.51101922
1495;-74.57892596
1496;-74.76338484
1497;-75.0150018
1498;-75.29510088
1499;-75.19247939
1500;-75.06072
1501;-74.7241283
1502;-74.84798756
1503;-74.95145975
1504;-75.00158828
1505;-75.15566911
1506;-75.29876558
1507;-75.3631348
1508;-75.18042196
1509;-75.24661026
1510;-75.34186304
1511;-75.22674213
1512;-75.58059331
1513;-75.71937765
1514;-75.96217417
1515;-76.00349667
1516;-76.01120297
1517;-76.02266073
1518;-75.9671157
1519;-75.77036294
1520;-75.75691353
1521;-75.8326652
1522;-75.82598073
1523;-75.83276768
1524;-75.77711022
1525;-75.8734404
1526;-75.85044731
1527;-75.90368631
1528;-75.79915838
1529;-75.78427256
1530;-75.79194199
1531;-75.6459777
1532;-75.56493683
1533;-75.90811684
1534;-76.01857932
1535;-76.24014341
1536;-76.16743998
1537;-76.04747896
1538;-76.18337951
1539;-76.33972322
1540;-76.5300649
1541;-76.52376325
1542;-76.54466786
1543;-76.88917881
1544;-76.96492427
1545;-77.0531003
1546;-76.97719129
1547;-76.60908461
1548;-76.59238301
1549;-76.51517617
1550;-76.41118303
1551;-76.52589955
1552;-76.84779386
1553;-76.68004786
1554;-77.04554891
1555;-77.23246803
1556;-77.18154269
1557;-77.16344128
1558;-77.18553511
1559;-77.15159711
1560;-77.20668908
1561;-77.19468036
1562;-77.20826049
1563;-76.86909341
1564;-76.95640257
1565;-77.01701604
1566;-77.12881739
1567;-77.15467424
1568;-76.99885585
1569;-76.79647757
1570;-76.871741
1571;-76.63941682
1572;-76.29033293
1573;-76.27591471
1574;-76.14917289
1575;-76.25305834
1576;-76.14112484
1577;-76.18175785
1578;-76.16208671
1579;-76.25065091
1580;-76.27708853
1581;-76.24944142
1582;-76.33583132
1583;-76.11964009
1584;-76.01544721
1585;-75.82273989
1586;-75.75437845
1587;-75.58917206
1588;-75.73249699
1589;-75.60121186
1590;-75.61792188
1591;-75.72193017
1592;-75.56264185
1593;-75.21459786
1594;-75.36975043
1595;-75.3765666
1596;-75.36141672
1597;-75.09089128
1598;-75.24201393
1599;-75.08803859
1600;-75.01298222
1601;-75.06689656
1602;-74.98745263
1603;-74.76028288
1604;-74.93971448
1605;-74.84821514
1606;-74.56613687
1607;-74.50843926
1608;-74.32868671
1609;-74.36917891
1610;-74.18981456
1611;-74.31975412
1612;-74.37952181
1613;-74.65952985
1614;-75.02183673
1615;-75.03435805
1616;-74.66932032
1617;-74.59862544
1618;-74.62657185
1619;-74.93577721
1620;-75.16435373
1621;-74.95075972
1622;-75.05858224
1623;-75.31836524
1624;-75.17663507
1625;-75.10315781
1626;-74.66091545
1627;-74.57398323
1628;-74.29502747
1629;-74.21956591
1630;-74.28688346
1631;-73.94369401
1632;-73.90413644
1633;-73.7518291
1634;-73.99279887
1635;-74.09980211
1636;-74.13770441
1637;-74.16208887
1638;-74.24117601
1639;-74.24787701
1640;-74.1985776
1641;-74.05907452
1642;-73.99195511
1643;-73.8531594
1644;-74.20325572
1645;-73.95251391
1646;-73.73599182
1647;-73.57718612
1648;-73.90114796
1649;-73.96071252
1650;-73.9175605
1651;-73.88369705
1652;-74.01134945
1653;-74.08379574
1654;-74.16755921
1655;-74.23522946
1656;-74.29088527
1657;-74.54695948
1658;-74.34476359
1659;-74.40068598
1660;-74.3850537
1661;-74.68005768
1662;-74.55127245
1663;-74.54217903
1664;-73.9601487
1665;-73.96638436
1666;-73.45824489
1667;-74.0167099
1668;-74.03507406
1669;-74.0273219
1670;-73.93961094
1671;-73.89041689
1672;-74.25267935
1673;-74.20108901
1674;-74.06250617
1675;-74.12032978
1676;-74.27229435
1677;-74.60439486
1678;-74.84919479
1679;-75.32805188
1680;-75.34599408
1681;-75.4177575
1682;-75.80500051
1683;-75.71565015
1684;-75.80901556
1685;-75.78361897
1686;-75.70134882
1687;-75.59272942
1688;-75.68056009
1689;-75.54396199
1690;-75.6760793
1691;-75.65534029
1692;-75.65939738
1693;-75.75458099
1694;-75.83849397
1695;-76.08380851
1696;-76.03058787
1697;-76.01271756
1698;-75.99637298
1699;-75.99133367
1700;-76.0540401
1701;-76.1020528
1702;-76.1613684
1703;-76.16009155
1704;-76.31266426
1705;-76.43381555
1706;-76.08374234
1707;-75.79926353
1708;-75.88528793
1709;-76.21051138
1710;-76.28733528
1711;-76.3443014
1712;-76.09049462
1713;-76.07796254
1714;-76.03159868
1715;-76.25339504
1716;-76.06614367
1717;-76.23680593
1718;-75.79812331
1719;-75.85602582
1720;-75.64047397
1721;-75.63721604
1722;-75.79451478
1723;-75.84107089
1724;-76.04424415
1725;-75.66649694
1726;-75.83454443
1727;-75.69055168
1728;-75.61207083
1729;-75.31662844
1730;-75.15400264
1731;-74.89089233
1732;-74.84075333
1733;-74.98585288
1734;-75.18125929
1735;-75.29070394
1736;-75.32388985
1737;-75.28469779
1738;-75.56514652
1739;-75.43371764
1740;-75.79761234
1741;-75.60327725
1742;-75.53859797
1743;-75.39291572
1744;-75.47082573
1745;-75.69553135
1746;-75.54117023
1747;-75.61305298
1748;-75.85417123
1749;-76.11079874
1750;-76.16862279
1751;-76.40746789
1752;-76.43085281
1753;-76.6825447
1754;-76.54800472
1755;-76.49262118
1756;-76.20804236
1757;-76.35437591
1758;-76.4608697
1759;-76.36962386
1760;-76.27728686
1761;-76.38902796
1762;-76.220703
1763;-76.44148365
1764;-76.33159177
1765;-76.67220145
1766;-76.90002822
1767;-76.81238101
1768;-77.17879961
1769;-77.44364787
1770;-77.37113564
1771;-77.4105186
1772;-77.49114881
1773;-77.39726091
1774;-77.34787751
1775;-77.38619406
1776;-78.0217461
1777;-77.87431345
1778;-78.11156205
1779;-78.17784512
1780;-78.31875691
1781;-78.2090561
1782;-78.42015505
1783;-78.40621319
1784;-78.16752427
1785;-78.31538704
1786;-78.44638134
1787;-78.40475214
1788;-78.55380105
1789;-78.37052108
1790;-78.42386716
1791;-78.29908367
1792;-78.22095466
1793;-78.3547219
1794;-78.48845016
1795;-78.27881145
1796;-78.10283368
1797;-78.14889249
1798;-78.41410377
1799;-78.22101183
1800;-77.83523075
1801;-77.75764978
1802;-77.42080921
1803;-77.45700497
1804;-77.30881095
1805;-77.38722787
1806;-77.40104435
1807;-77.57040428
1808;-77.66297983
1809;-77.71435957
1810;-77.82689169
1811;-77.77855379
1812;-77.43970792
1813;-77.88880657
1814;-77.88372181
1815;-78.15903366
1816;-77.97721913
1817;-78.16134516
1818;-78.3345426
1819;-78.23431153
1820;-78.00670665
1821;-78.05386995
1822;-78.05922276
1823;-77.79560347
1824;-77.64781157
1825;-77.534927
1826;-77.53964413
1827;-77.27339254
1828;-77.4773114
1829;-77.43615214
1830;-77.7104719
1831;-77.30733205
1832;-77.5658082
1833;-77.7404203
1834;-77.89213862
1835;-77.77889246
1836;-77.33682873
1837;-77.16538757
1838;-77.06804703
1839;-77.07086902
1840;-77.04740535
1841;-77.09135475
1842;-76.93269292
1843;-77.12579237
1844;-77.22489691
1845;-77.07758857
1846;-77.26069822
1847;-77.19847546
1848;-76.98888624
1849;-76.58429028
1850;-76.67624235
1851;-77.07239986
1852;-77.25143914
1853;-77.06971394
1854;-76.83123032
1855;-76.96691489
1856;-77.21611866
1857;-77.26152115
1858;-77.16018909
1859;-77.13704081
1860;-77.1887537
1861;-76.99445927
1862;-77.09679708
1863;-77.44259209
1864;-76.99235785
1865;-76.7825734
1866;-76.70600015
1867;-76.70859311
1868;-76.52564641
1869;-76.57343694
1870;-76.48327929
1871;-76.46613461
1872;-76.3167955
1873;-76.32927858
1874;-76.58179651
1875;-77.02217273
1876;-76.67218865
1877;-76.7124444
1878;-76.89796049
1879;-76.84143098
1880;-76.58882877
1881;-76.33983328
1882;-76.99723496
1883;-76.85635765
1884;-76.65735999
1885;-76.59850381
1886;-76.56126336
1887;-76.9764965
1888;-76.65001168
1889;-76.67441778
1890;-76.6514977
1891;-76.72185129
1892;-76.76905196
1893;-76.89002765
1894;-76.96403849
1895;-76.90350828
1896;-77.16660764
1897;-76.78683102
1898;-76.8905341
1899;-76.92523042
1900;-77.02095654
1901;-76.99921056
1902;-76.97893403
1903;-76.83262909
1904;-77.04999177
1905;-77.20193525
1906;-76.96734977
1907;-76.86818218
1908;-76.62234893
1909;-76.84060822
1910;-76.86930533
1911;-76.95342929
1912;-76.80690663
1913;-76.7934655
1914;-76.39767947
1915;-76.48421124
1916;-76.87032198
1917;-76.81283135
1918;-76.35214847
1919;-76.38348816
1920;-76.24643069
1921;-76.31495681
1922;-76.5892191
1923;-76.47232556
1924;-76.55537728
1925;-76.22445828
1926;-76.11807568
1927;-76.4992786
1928;-76.43171017
1929;-76.40835785
1930;-76.2772115
1931;-76.57192032
1932;-76.70802676
1933;-76.47586143
1934;-76.32909029
1935;-76.29329383
1936;-76.21215885
1937;-76.16835648
1938;-76.12290922
1939;-76.52059362
1940;-76.65327199
1941;-76.81953623
1942;-76.92505539
1943;-76.53737546
1944;-76.57065459
1945;-76.62458239
1946;-76.55859678
1947;-76.54212308
1948;-76.98093819
1949;-77.11981675
1950;-77.3218747
1951;-77.66249159
1952;-77.79058547
1953;-77.76494198
1954;-78.00994698
1955;-78.12700793
1956;-78.33585034
1957;-78.1993221
1958;-77.9374721
1959;-77.8089811
1960;-77.73494786
1961;-77.73971213
1962;-77.60120143
1963;-77.77458298
1964;-77.81418902
1965;-78.03319415
1966;-77.8474768
1967;-77.53891237
1968;-77.5193234
1969;-77.75671092
1970;-77.38643782
1971;-77.36201271
1972;-77.10609972
1973;-76.96926246
1974;-77.50204586
1975;-77.41507211
1976;-77.87273353
1977;-77.73209153
1978;-77.87680276
1979;-78.06157181
1980;-78.36613596
1981;-78.57599452
1982;-78.46657445
1983;-78.25574476
1984;-78.23294023
1985;-78.32867783
1986;-78.45833234
1987;-78.44802861
1988;-78.67484879
1989;-78.6106493
1990;-78.24489033
1991;-78.05864177
1992;-77.82218737
1993;-77.81461597
1994;-78.43716092
1995;-78.42758318
1996;-78.37019982
1997;-78.62615981
1998;-78.70972377
1999;-78.39412001
2000;-78.19355269
2001;-78.24363107
2002;-78.05563098
2003;-77.92597284
2004;-78.12607391
2005;-77.91717824
2006;-77.97529457
2007;-77.77345332
2008;-77.83672629
2009;-78.10459298
2010;-78.72090058
2011;-78.73444696
2012;-78.94856138
2013;-78.85222882
2014;-79.01909561
2015;-79.31313987
2016;-79.37834477
2017;-79.63659005
2018;-79.67010959
2019;-79.67205463
2020;-80.00370416
2021;-80.11465329
2022;-80.12110221
2023;-80.23657644
2024;-80.32654948
2025;-80.07857078
2026;-79.97703873
2027;-79.89253323
2028;-80.01063765
2029;-79.79794638
2030;-79.62916863
2031;-79.28528503
2032;-79.36532672
2033;-79.64720417
2034;-79.97691307
2035;-80.28756017
2036;-80.20929669
2037;-80.21031839
2038;-80.20754979
2039;-80.47967686
2040;-80.56869751
2041;-81.15385861
2042;-81.27562949
2043;-81.33253408
2044;-81.42784546
2045;-80.92603858
2046;-80.73758527
2047;-80.68823057
2048;-80.59478831
2049;-80.37363963
2050;-80.32012842
2051;-80.34912257
2052;-80.10384326
2053;-80.16911479
2054;-80.29333008
2055;-80.08492652
2056;-80.22216284
2057;-79.89662378
2058;-79.89858014
2059;-80.09391151
2060;-79.94966209
2061;-79.73007846
2062;-79.46855583
2063;-79.2984128
2064;-79.57619271
2065;-79.58109487
2066;-79.38259337
2067;-79.47425933
2068;-79.28748521
2069;-79.46144268
2070;-79.63361914
2071;-79.55288625
2072;-79.67177308
2073;-79.70068074
2074;-79.7461993
2075;-79.6125355
2076;-79.63238707
2077;-79.90264437
2078;-79.76440716
2079;-79.60126461
2080;-79.74111233
2081;-79.82050769
2082;-79.80527332
2083;-79.81298909
2084;-79.70706707
2085;-79.60203479
2086;-79.48511445
2087;-79.82513741
2088;-79.60170289
2089;-79.64803961
2090;-79.55198966
2091;-79.71178156
2092;-79.47336756
2093;-79.43899467
2094;-79.46829506
2095;-79.36340985
2096;-79.5699478
2097;-79.71995003
2098;-79.89506689
2099;-79.86000617
2100;-79.92762325
2101;-80.25967567
2102;-80.32492966
2103;-80.53679933
2104;-80.13065448
2105;-80.05942548
2106;-79.83221315
2107;-79.77361516
2108;-79.71413748
2109;-79.83651462
2110;-79.57542083
2111;-79.55808783
2112;-79.43134891
2113;-79.91716614
2114;-79.6860283
2115;-79.14750552
2116;-79.23922953
2117;-79.27137654
2118;-79.03480654
2119;-79.44480016
2120;-79.38573981
2121;-79.24274361
2122;-79.35448043
2123;-79.55424705
2124;-79.60235002
2125;-79.70351845
2126;-79.99224039
2127;-80.1481196
2128;-80.03969518
2129;-80.2655057
2130;-80.20338104
2131;-80.3227629
2132;-80.32184243
2133;-80.52729192
2134;-80.50232602
2135;-80.48033394
2136;-80.3818132
2137;-80.47483904
2138;-80.05515245
2139;-80.50599939
2140;-80.67665258
2141;-80.53342276
2142;-80.49328979
2143;-80.29301294
2144;-80.03992301
2145;-80.04098231
2146;-80.24634098
2147;-80.24810469
2148;-80.27011182
2149;-79.97111904
2150;-80.20275844
2151;-80.54805086
2152;-80.64867721
2153;-80.41649312
2154;-80.12644445
2155;-80.45627838
2156;-80.79927305
2157;-81.11311468
2158;-81.0134241
2159;-81.49211267
2160;-81.69323573
2161;-81.89444781
2162;-82.07043403
2163;-82.40149523
2164;-82.36525872
2165;-82.14154683
2166;-82.8894318
2167;-82.86316946
2168;-82.62329272
2169;-82.94462467
2170;-82.90472737
2171;-83.01697049
2172;-83.12249018
2173;-82.81897855
2174;-82.72180853
2175;-82.82613208
2176;-83.11481194
2177;-82.90352859
2178;-82.88434429
2179;-82.97187401
2180;-82.97507615
2181;-83.20335628
2182;-83.20857081
2183;-83.10153222
2184;-82.88339601
2185;-83.05795429
2186;-83.01443629
2187;-83.21222856
2188;-82.5956289
2189;-83.02982122
2190;-83.11387818
2191;-83.28770832
2192;-83.39879594
2193;-83.15640952
2194;-83.25359833
2195;-83.77630672
2196;-83.94498749
2197;-83.9022659
2198;-83.79838963
2199;-83.77811314
2200;-84.1271759
2201;-84.12781757
2202;-83.8937352
2203;-83.9281411
2204;-83.97301483
2205;-84.27587036
2206;-84.35625109
2207;-84.28535472
2208;-84.45975059
2209;-84.74362518
2210;-84.78475484
2211;-84.86464393
2212;-84.78460452
2213;-84.72329898
2214;-84.73436016
2215;-84.89368102
2216;-85.5055823
2217;-85.25045711
2218;-85.35273704
2219;-85.5671987
2220;-85.62288967
2221;-85.37847429
2222;-85.16331849
2223;-85.25448183
2224;-85.45872381
2225;-85.69038269
2226;-85.75342869
2227;-85.76105374
2228;-86.04407064
2229;-86.11487665
2230;-86.12486765
2231;-86.00804194
2232;-86.08324696
2233;-86.06465085
2234;-86.03734051
2235;-86.28990931
2236;-86.12117531
2237;-86.07151753
2238;-85.82573864
2239;-86.28661363
2240;-86.05026975
2241;-85.88520316
2242;-85.60639596
2243;-85.54150264
2244;-85.65075688
2245;-85.91205452
2246;-85.8331859
2247;-85.48975
2248;-85.32196976
2249;-85.65862998
2250;-85.78863145
2251;-85.80503212
2252;-85.79231763
2253;-85.990151
2254;-85.87427901
2255;-85.86204813
2256;-85.92487326
2257;-85.94808985
2258;-85.82930916
2259;-85.33390866
2260;-85.41892715
2261;-85.4537032
2262;-85.38454832
2263;-85.54966309
2264;-85.55788396
2265;-85.55225998
2266;-85.31621183
2267;-84.94613463
2268;-85.13685421
2269;-85.09152714
2270;-85.16881248
2271;-84.99300153
2272;-85.34570005
2273;-85.30950223
2274;-85.29287828
2275;-85.46987744
2276;-85.35540094
2277;-85.29504139
2278;-85.08865804
2279;-85.0303399
2280;-84.75655292
2281;-84.67534072
2282;-84.65972345
2283;-84.35282484
2284;-84.25654556
2285;-84.44153986
2286;-84.22272221
2287;-84.0865469
2288;-84.06158493
2289;-84.37152136
2290;-84.57419616
2291;-84.34650672
2292;-84.43602975
2293;-84.69061217
2294;-84.74433052
2295;-84.89344898
2296;-84.80878127
2297;-85.03944868
2298;-85.46520105
2299;-85.5087879
2300;-85.57950737
2301;-85.62263507
2302;-85.6638052
2303;-85.67945675
2304;-85.66363448
2305;-85.58506663
2306;-85.76598182
2307;-85.66928551
2308;-85.63297863
2309;-85.52852047
2310;-86.05934033
2311;-85.95686932
2312;-85.75408855
2313;-85.71565809
2314;-85.79800599
2315;-86.03246243
2316;-85.85861786
2317;-85.99190756
2318;-86.45536549
2319;-86.34547396
2320;-86.23650338
2321;-86.29978566
2322;-86.26866338
2323;-86.29637381
2324;-86.30047707
2325;-86.35699653
2326;-86.40063134
2327;-86.55587395
2328;-86.47982437
2329;-86.64843338
2330;-86.5791257
2331;-86.33615669
2332;-86.57585386
2333;-86.75957288
2334;-87.29303263
2335;-87.36500688
2336;-87.42517008
2337;-87.61411658
2338;-87.48313808
2339;-87.30700405
2340;-87.31954302
2341;-87.34871704
2342;-87.88486242
2343;-87.82284578
2344;-87.77029629
2345;-87.78636299
2346;-87.72798498
2347;-87.88233413
2348;-87.62053782
2349;-87.32573882
2350;-87.44528702
2351;-87.33742589
2352;-87.10219365
2353;-86.92273765
2354;-86.89607019
2355;-87.09770823
2356;-87.10586172
2357;-87.37626365
2358;-87.37066312
2359;-87.52948845
2360;-87.87869454
2361;-87.74466654
2362;-87.62187533
2363;-87.63558434
2364;-87.54022356
2365;-87.35393997
2366;-87.2232108
2367;-87.27862908
2368;-87.23385592
2369;-87.41043247
2370;-87.41218611
2371;-87.24860183
2372;-87.29903897
2373;-87.52592307
2374;-87.3291715
2375;-87.60775191
2376;-87.55913532
2377;-87.41167847
2378;-86.92510898
2379;-87.15110424
2380;-86.90923651
2381;-86.68561883
2382;-86.91668696
2383;-86.63787034
2384;-86.49034994
2385;-86.01657794
2386;-86.33043656
2387;-86.04087582
2388;-85.92534157
2389;-86.17442121
2390;-86.70924815
2391;-86.39399988
2392;-86.25352827
2393;-86.17622721
2394;-86.41864797
2395;-86.29496356
2396;-86.21868432
2397;-86.19136363
2398;-86.3139623
2399;-86.59208569
2400;-86.82077372
2401;-86.92104033
2402;-86.87984483
2403;-86.98737336
2404;-86.96700925
2405;-86.75692642
2406;-86.71609217
2407;-86.75858429
2408;-86.64384463
2409;-86.63236588
2410;-86.6409957
2411;-86.42352754
2412;-86.33210369
2413;-86.19365288
2414;-86.18960539
2415;-86.36909047
2416;-86.34670476
2417;-86.32634986
2418;-86.42332088
2419;-86.48651925
2420;-85.8697129
2421;-85.87091064
2422;-85.94643698
2423;-85.85799398
2424;-85.49435121
2425;-85.60286304
2426;-85.55945063
2427;-85.72775589
2428;-85.61694742
2429;-85.97139202
2430;-85.80934517
2431;-85.78252437
2432;-85.82574704
2433;-85.94496552
2434;-86.14903929
2435;-86.28335947
2436;-86.53368367
2437;-86.21387854
2438;-86.43815175
2439;-86.27839891
2440;-86.30842312
2441;-85.80219186
2442;-85.95503623
2443;-86.12075826
2444;-85.96612221
2445;-86.03534516
2446;-86.16972705
2447;-86.19469754
2448;-86.60274123
2449;-86.63058378
2450;-86.64021663
2451;-86.52869524
2452;-86.58657572
2453;-86.71396201
2454;-86.73418354
2455;-86.83087409
2456;-87.10059907
2457;-86.94430079
2458;-86.93229733
2459;-87.03706972
2460;-87.51225165
2461;-87.47686199
2462;-87.42457255
2463;-87.75683036
2464;-88.0811341
2465;-88.35663558
2466;-88.30724309
2467;-88.44861153
2468;-88.26787776
2469;-88.39166223
2470;-88.19480333
2471;-88.64922031
2472;-88.54368956
2473;-88.50638012
2474;-88.6038718
2475;-89.05490766
2476;-88.99672331
2477;-89.23174867
2478;-89.07262299
2479;-89.24417643
2480;-89.28919848
2481;-89.52080448
2482;-89.88128055
2483;-89.94733039
2484;-90.01676428
2485;-90.10559901
2486;-90.04893276
2487;-90.08245004
2488;-90.26257999
2489;-90.48781373
2490;-90.6248185
2491;-90.41856663
2492;-90.90014541
2493;-91.01076816
2494;-90.72285107
2495;-90.90212323
2496;-90.58050356
2497;-90.71789583
2498;-90.99032913
2499;-90.93257444
2500;-90.71476793
2501;-90.49871447
2502;-90.59296097
2503;-90.49030227
2504;-90.39153743
2505;-90.12375788
2506;-90.35820491
2507;-90.51117747
2508;-90.43814486
2509;-90.33352216
2510;-90.32190518
2511;-89.90166558
2512;-89.89533515
2513;-90.05323708
2514;-89.83864892
2515;-89.78112589
2516;-89.82222702
2517;-89.91942186
2518;-90.01549254
2519;-90.22664737
2520;-90.14931838
2521;-90.38764925
2522;-90.36784122
2523;-90.51349367
2524;-90.70443065
2525;-90.63016785
2526;-90.71404059
2527;-90.66680318
2528;-90.66030518
2529;-90.8491778
2530;-90.99725337
2531;-91.2637322
2532;-91.29143873
2533;-91.21080892
2534;-91.49045482
2535;-91.20687644
2536;-91.29486741
2537;-91.44069304
2538;-91.35808245
2539;-91.43706599
2540;-91.5625088
2541;-91.70378775
2542;-91.3740359
2543;-91.11198217
2544;-91.07345
2545;-91.26935968
2546;-91.37239008
2547;-91.31521899
2548;-91.1427532
2549;-90.94269966
2550;-90.83243254
2551;-90.83549125
2552;-91.10803469
2553;-91.21576498
2554;-91.16092098
2555;-91.23542097
2556;-91.49706842
2557;-91.14518866
2558;-91.05002425
2559;-91.22367828
2560;-91.68237938
2561;-91.62091777
2562;-91.71687862
2563;-91.59351981
2564;-91.79614821
2565;-91.97244984
2566;-92.10778751
2567;-91.90606883
2568;-91.86199131
2569;-92.21268373
2570;-92.28282866
2571;-92.2714782
2572;-92.49887202
2573;-92.47427072
2574;-92.55858967
2575;-92.87366142
2576;-92.94488983
2577;-92.64872541
2578;-92.82218574
2579;-92.8995981
2580;-92.52905983
2581;-92.53600234
2582;-92.41636962
2583;-92.42551322
2584;-92.631858
2585;-92.46201177
2586;-92.87099497
2587;-92.85423486
2588;-92.91486707
2589;-92.92013864
2590;-92.97852818
2591;-93.12908676
2592;-93.22893466
2593;-93.74038567
2594;-93.63861476
2595;-93.92841645
2596;-94.32905502
2597;-94.40793712
2598;-94.39878239
2599;-94.35132048
2600;-94.5738503
2601;-94.6169796
2602;-94.5857383
2603;-94.57855588
2604;-94.42443748
2605;-94.6222543
2606;-94.61626883
2607;-94.97994301
2608;-95.19638435
2609;-95.02010751
2610;-94.73125779
2611;-94.34317322
2612;-94.61391906
2613;-94.80062738
2614;-94.84385937
2615;-94.77312416
2616;-94.55331284
2617;-94.39888624
2618;-94.5498212
2619;-94.83538686
2620;-94.58292116
2621;-94.88776092
2622;-94.97192051
2623;-94.94024133
2624;-95.14220507
2625;-95.16997268
2626;-94.96687578
2627;-94.68280375
2628;-94.85078982
2629;-95.00501361
2630;-94.72260628
2631;-94.94954937
2632;-94.79846963
2633;-94.70865391
2634;-94.87134081
2635;-94.82695389
2636;-94.70683768
2637;-94.5526569
2638;-94.65227304
2639;-94.32327129
2640;-94.44167605
2641;-94.39801526
2642;-94.14202148
2643;-94.21977793
2644;-94.18949039
2645;-94.71013519
2646;-94.48516111
2647;-94.30770281
2648;-94.34686495
2649;-94.43031686
2650;-94.40346981
2651;-94.21866188
2652;-94.08845319
2653;-94.26348775
2654;-94.22394004
2655;-94.29856307
2656;-94.33987197
2657;-94.26178385
2658;-94.19934053
2659;-94.28857599
2660;-94.47960466
2661;-94.67587989
2662;-94.75758344
2663;-94.75169602
2664;-94.68231325
2665;-94.83997053
2666;-94.61320934
2667;-94.60735373
2668;-94.64187198
2669;-94.6510457
2670;-94.52326781
2671;-94.53235221
2672;-94.45158571
2673;-94.52105591
2674;-94.48660079
2675;-94.51472705
2676;-94.60074191
2677;-94.62990182
2678;-94.83629857
2679;-94.85073826
2680;-95.01042677
2681;-95.12170175
2682;-95.38633488
2683;-95.53262678
2684;-95.57995827
2685;-95.46749312
2686;-95.15395877
2687;-95.37108752
2688;-95.31558397
2689;-95.23769427
2690;-95.46127731
2691;-95.32666959
2692;-95.33574848
2693;-95.18576867
2694;-94.93686565
2695;-95.0584226
2696;-94.39763535
2697;-94.33918513
2698;-94.2780488
2699;-94.20241661
2700;-94.48034726
2701;-94.38579544
2702;-94.75052514
2703;-94.95559165
2704;-94.97483618
2705;-94.52032893
2706;-94.60959405
2707;-94.31371482
2708;-94.45507575
2709;-94.41022181
2710;-94.30718501
2711;-94.00783475
2712;-93.95349095
2713;-94.33296268
2714;-94.00627366
2715;-94.12826588
2716;-94.31059054
2717;-94.35626443
2718;-94.2033358
2719;-94.39751656
2720;-94.38654322
2721;-94.07766949
2722;-93.82865053
2723;-93.70044008
2724;-93.76742012
2725;-93.52593799
2726;-93.36900916
2727;-93.30357731
2728;-93.23990719
2729;-93.31897603
2730;-93.30285105
2731;-92.73221687
2732;-92.40683134
2733;-92.00125949
2734;-92.02659338
2735;-92.01235734
2736;-91.68459367
2737;-91.34880335
2738;-91.26817608
2739;-91.46530498
2740;-91.43758309
2741;-91.54341944
2742;-91.41859268
2743;-91.33653503
2744;-91.0823513
2745;-91.3525609
2746;-91.47534192
2747;-91.49716173
2748;-91.75817131
2749;-91.7297194
2750;-91.61551678
2751;-91.53983639
2752;-91.92151319
2753;-91.66087198
2754;-91.66708422
2755;-91.59972969
2756;-91.94115288
2757;-91.94708011
2758;-91.98983989
2759;-92.02975577
2760;-92.02729073
2761;-92.08529852
2762;-92.1679658
2763;-92.32678784
2764;-91.97424479
2765;-92.04177395
2766;-91.8221383
2767;-91.64916386
2768;-91.59634791
2769;-91.86813306
2770;-91.35071004
2771;-91.10889596
2772;-91.15372078
2773;-91.31830542
2774;-91.22421761
2775;-90.98149357
2776;-91.07834582
2777;-90.91693073
2778;-90.89690281
2779;-91.01688886
2780;-90.94431136
2781;-90.90588057
2782;-91.03551389
2783;-91.25287105
2784;-91.53131134
2785;-91.56882957
2786;-91.7704291
2787;-92.07314554
2788;-92.76696439
2789;-93.06148477
2790;-92.70592
2791;-92.66245214
2792;-92.26220615
2793;-92.33870565
2794;-92.09358182
2795;-92.53269983
2796;-92.46090707
2797;-92.26712228
2798;-92.70720714
2799;-92.32980139
2800;-92.44531728
2801;-92.35320614
2802;-91.94533147
2803;-91.83398911
2804;-91.54704125
2805;-91.2373002
2806;-91.01965445
2807;-91.24248915
2808;-90.69724018
2809;-90.83562315
2810;-90.82557579
2811;-90.72832222
2812;-90.50266329
2813;-90.54072349
2814;-90.27154333
2815;-90.09278107
2816;-90.2648158
2817;-90.18949929
2818;-90.21497542
2819;-90.26401376
2820;-90.18025058
2821;-90.51486616
2822;-90.60207712
2823;-90.63200966
2824;-90.76501969
2825;-90.63641798
2826;-90.62567781
2827;-90.43988774
2828;-90.34210452
2829;-90.15115248
2830;-90.04275619
2831;-90.09416629
2832;-89.80509709
2833;-89.85097905
2834;-89.81086267
2835;-89.76137159
2836;-89.46229214
2837;-89.18731726
2838;-89.08878441
2839;-88.89457897
2840;-88.59639629
2841;-88.52319221
2842;-88.59301204
2843;-88.81632726
2844;-88.9876967
2845;-89.31143025
2846;-89.09213914
2847;-89.09157819
2848;-89.43094688
2849;-89.13114129
2850;-89.68096982
2851;-89.49687203
2852;-89.29696594
2853;-89.58687322
2854;-89.48743786
2855;-89.77608913
2856;-89.75013285
2857;-89.99843772
2858;-89.83008649
2859;-90.11446712
2860;-90.08895584
2861;-89.9948257
2862;-89.79817651
2863;-89.70481938
2864;-90.02552535
2865;-90.08500895
2866;-90.46581635
2867;-90.33046771
2868;-90.3833279
2869;-90.2753101
2870;-90.32108551
2871;-90.40420688
2872;-90.56086529
2873;-90.83265412
2874;-90.99014954
2875;-90.65140326
2876;-90.49495149
2877;-90.07453408
2878;-90.21781003
2879;-90.3487164
2880;-90.48865215
2881;-90.49423489
2882;-90.46046309
2883;-90.55853275
2884;-90.54452687
2885;-90.37690043
2886;-90.26037154
2887;-90.44724422
2888;-90.23031303
2889;-90.164847
2890;-90.17042398
2891;-90.20951648
2892;-90.5298074
2893;-90.45800244
2894;-89.93252297
2895;-89.90725596
2896;-89.81901351
2897;-89.99275737
2898;-89.99489023
2899;-90.06907462
2900;-90.25745192
2901;-89.81952465
2902;-89.63650721
2903;-89.87324097
2904;-89.75648469
2905;-89.67220634
2906;-89.62788804
2907;-89.7114871
2908;-89.66971328
2909;-89.67510559
2910;-89.76251202
2911;-89.4740481
2912;-89.71583657
2913;-89.90075585
2914;-89.87916708
2915;-89.65670904
2916;-89.60347902
2917;-89.46170351
2918;-89.48252848
2919;-89.49061904
2920;-89.25016988
2921;-89.14676071
2922;-89.35671149
2923;-88.88087741
2924;-88.87131694
2925;-88.76571341
2926;-89.02062862
2927;-89.09958738
2928;-89.39521634
2929;-89.17598156
2930;-89.42232937
2931;-89.38568472
2932;-89.2378928
2933;-89.3304631
2934;-89.47978153
2935;-89.49567887
2936;-89.7406932
2937;-89.67183652
2938;-89.63118278
2939;-89.77348453
2940;-89.47298215
2941;-89.47866475
2942;-89.41186644
2943;-89.38045109
2944;-89.29596605
2945;-89.55632713
2946;-89.45525076
2947;-89.20781686
2948;-89.16525501
2949;-88.9926862
2950;-88.51171887
2951;-88.51269392
2952;-88.65920747
2953;-88.74317521
2954;-88.67865353
2955;-88.72575448
2956;-88.71015734
2957;-88.47969883
2958;-88.61621615
2959;-88.54511471
2960;-88.49894475
2961;-88.43894356
2962;-88.44597762
2963;-88.13139737
2964;-88.07463265
2965;-88.27028327
2966;-88.313176
2967;-88.21449155
2968;-88.26810463
2969;-88.33989758
2970;-88.2635528
2971;-88.58786756
2972;-88.58398848
2973;-88.43255422
2974;-88.77479144
2975;-88.5182631
2976;-88.46250058
2977;-88.58692087
2978;-88.58437279
2979;-88.79165349
2980;-88.94612869
2981;-88.75081777
2982;-88.82344053
2983;-88.71853031
2984;-88.449793
2985;-88.28916063
2986;-88.17898319
2987;-88.25668738
2988;-88.29864104
2989;-88.17503941
2990;-88.33981258
2991;-88.67993702
2992;-88.64204383
2993;-88.593973
2994;-88.5512669
2995;-88.4784903
2996;-88.44457558
2997;-88.43376078
2998;-88.46771634
2999;-88.50767179
3000;-88.91276633
3001;-88.9207728
3002;-89.11095108
3003;-89.05022986
3004;-88.87852196
3005;-89.05920407
3006;-88.91296718
3007;-88.96337535
3008;-89.33714516
3009;-89.2348466
3010;-89.09136153
3011;-89.14424309
3012;-89.3710369
3013;-89.53446898
3014;-89.61442355
3015;-89.67822517
3016;-89.70316748
3017;-89.42065401
3018;-89.63574576
3019;-89.72183053
3020;-89.5165879
3021;-89.51019386
3022;-89.49668385
3023;-89.80786068
3024;-89.68044472
3025;-89.64390329
3026;-89.81978968
3027;-89.91447897
3028;-89.70003049
3029;-89.83815369
3030;-89.44994463
3031;-89.43176501
3032;-89.24239768
3033;-89.11158318
3034;-89.26615734
3035;-89.06297229
3036;-89.41234383
3037;-89.66788321
3038;-89.665537
3039;-89.70774188
3040;-89.66924218
3041;-89.46734564
3042;-89.16099581
3043;-89.10366661
3044;-89.22609292
3045;-89.27556615
3046;-89.48785785
3047;-89.80359787
3048;-89.57854502
3049;-89.92073596
3050;-89.83274823
3051;-89.63615225
3052;-89.66188577
3053;-89.6754698
3054;-89.87124928
3055;-90.22520675
3056;-90.22139694
3057;-90.3951708
3058;-90.21985806
3059;-89.94712813
3060;-89.79096497
3061;-89.90808447
3062;-89.66010344
3063;-89.62055888
3064;-89.75764447
3065;-89.62184323
3066;-89.83350868
3067;-89.75318258
3068;-90.01557098
3069;-90.17691978
3070;-90.26499464
3071;-90.42942784
3072;-90.61515693
3073;-90.56582721
3074;-90.32134973
3075;-90.4669501
3076;-90.30784306
3077;-90.16821607
3078;-89.8773862
3079;-90.01860862
3080;-90.20778216
3081;-90.58335197
3082;-90.73480131
3083;-91.15040786
3084;-91.16980042
3085;-91.02168933
3086;-91.5689177
3087;-91.17760337
3088;-91.21087054
3089;-90.97375171
3090;-91.2327284
3091;-91.3748256
3092;-91.50998102
3093;-91.87172456
3094;-91.88618029
3095;-91.75235317
3096;-92.07850892
3097;-92.09732625
3098;-92.13769261
3099;-92.50544771
3100;-92.45991083
3101;-92.52472238
3102;-92.56775751
3103;-92.61287841
3104;-92.33735363
3105;-92.04593454
3106;-91.94476547
3107;-91.87781688
3108;-91.93623243
3109;-92.24958323
3110;-92.43929541
3111;-92.54606863
3112;-92.70793079
3113;-92.95190206
3114;-92.90019433
3115;-92.8432722
3116;-93.04999497
3117;-92.89953277
3118;-93.17071395
3119;-92.95170377
3120;-92.80334423
3121;-92.40925374
3122;-92.44313456
3123;-92.26432367
3124;-92.3379241
3125;-92.60052259
3126;-92.43171711
3127;-92.5886804
3128;-92.49791883
3129;-92.63035623
3130;-92.58326368
3131;-92.5062046
3132;-92.61931741
3133;-92.49076857
3134;-92.2281259
3135;-92.10534358
3136;-92.26962367
3137;-92.02109978
3138;-92.22750808
3139;-92.08910451
3140;-92.39218219
3141;-92.42316382
3142;-92.57835805
3143;-92.55569578
3144;-92.53780418
3145;-92.71316477
3146;-92.53016802
3147;-92.52673904
3148;-92.12447569
3149;-92.10490975
3150;-91.80359169
3151;-91.67064405
3152;-91.4430687
3153;-91.21849501
3154;-91.32138524
3155;-91.33462221
3156;-91.36108387
3157;-91.49241121
3158;-91.65298946
3159;-91.62308039
3160;-91.50958066
3161;-91.56613543
3162;-91.68117912
3163;-91.64966869
3164;-91.50528558
3165;-91.21425915
3166;-91.06496931
3167;-90.98582227
3168;-90.91003961
3169;-90.74849849
3170;-90.70876059
3171;-90.74315951
3172;-90.83658718
3173;-90.46080736
3174;-90.60982375
3175;-90.49898649
3176;-90.34426026
3177;-90.50633193
3178;-90.59117547
3179;-90.80245869
3180;-91.02171539
3181;-90.88449099
3182;-90.87462226
3183;-90.95272212
3184;-91.0594321
3185;-91.18564674
3186;-91.28989391
3187;-91.27122925
3188;-91.13241053
3189;-91.28993685
3190;-91.22714895
3191;-91.21340813
3192;-90.92019937
3193;-90.39496313
3194;-90.16553916
3195;-90.30265264
3196;-90.1718479
3197;-90.58234508
3198;-90.52901694
3199;-90.8693438
3200;-90.74179672
3201;-90.81013611
3202;-90.8901724
3203;-91.37597506
3204;-91.47005658
3205;-91.41343246
3206;-91.50658417
3207;-91.4956578
3208;-91.24610432
3209;-91.15571469
3210;-91.12540789
3211;-91.20067254
3212;-91.03349823
3213;-91.09117157
3214;-91.10853721
3215;-91.04754159
3216;-91.37448593
3217;-91.54090193
3218;-91.56793656
3219;-91.5209771
3220;-91.27726927
3221;-91.63378112
3222;-91.80570008
3223;-91.93315039
3224;-92.3296588
3225;-92.40614688
3226;-92.516276
3227;-92.47812607
3228;-92.58705323
3229;-92.58886831
3230;-92.68289879
3231;-92.77319489
3232;-92.89235807
3233;-92.82002848
3234;-92.73007104
3235;-92.58242094
3236;-92.37996179
3237;-92.69281123
3238;-92.56745556
3239;-92.75293678
3240;-92.10203969
3241;-91.94161584
3242;-91.82709949
3243;-91.73965085
3244;-91.98925072
3245;-92.35154985
3246;-92.1073171
3247;-92.26202028
3248;-92.09467367
3249;-91.47543605
3250;-91.36598303
3251;-91.59603632
3252;-91.69853358
3253;-91.76890993
3254;-91.43653426
3255;-91.55781185
3256;-91.4937198
3257;-91.4963852
3258;-91.21737347
3259;-91.4697732
3260;-91.26184738
3261;-91.36999211
3262;-91.1733432
3263;-91.11779836
3264;-91.01877868
3265;-90.92668122
3266;-90.90274832
3267;-90.90558115
3268;-90.97898414
3269;-90.93744273
3270;-91.18599569
3271;-91.46343202
3272;-91.15969811
3273;-91.01738311
3274;-91.00479012
3275;-90.6595442
3276;-90.76541962
3277;-90.6660755
3278;-90.63208433
3279;-90.40324723
3280;-90.2829847
3281;-89.89080965
3282;-89.73958809
3283;-89.73425535
3284;-89.74378921
3285;-89.51077908
3286;-89.67814342
3287;-90.01917792
3288;-89.81773506
3289;-89.65970751
3290;-89.48938514
3291;-90.07397909
3292;-90.31976099
3293;-90.23107901
3294;-90.42058787
3295;-90.67491802
3296;-90.68246527
3297;-90.86711679
3298;-90.68821452
3299;-90.50380804
3300;-91.0598155
3301;-91.20116196
3302;-91.13301584
3303;-91.21245084
3304;-91.08137655
3305;-90.93832223
3306;-90.53672573
3307;-90.49436739
3308;-90.63974003
3309;-91.06470346
3310;-90.99370143
3311;-90.81202974
3312;-90.64943406
3313;-90.85436314
3314;-90.92852753
3315;-90.87777111
3316;-90.77139143
3317;-91.03367842
3318;-90.86664062
3319;-90.84504921
3320;-90.79776472
3321;-90.69902571
3322;-90.4150111
3323;-90.41422363
3324;-90.41177956
3325;-90.24585967
3326;-90.37028776
3327;-90.06059298
3328;-90.09632197
3329;-90.18207892
3330;-90.20696751
3331;-90.2819725
3332;-90.40856013
3333;-90.31259226
3334;-90.32004797
3335;-89.99566747
3336;-89.91191451
3337;-89.65462393
3338;-89.2935681
3339;-89.35572472
3340;-89.55911633
3341;-89.85005369
3342;-89.68886854
3343;-89.49673096
3344;-89.64779814
3345;-89.47152771
3346;-89.34285082
3347;-89.42248276
3348;-89.36026758
3349;-89.19685837
3350;-89.32535168
3351;-89.14198189
3352;-88.88301078
3353;-88.76087331
3354;-88.55023987
3355;-88.49894625
3356;-88.68355367
3357;-89.07660273
3358;-89.07237754
3359;-88.99432174
3360;-89.05836283
3361;-89.07215433
3362;-89.55501327
3363;-89.45972446
3364;-89.40001844
3365;-89.63797428
3366;-89.60298135
3367;-89.57272941
3368;-89.44252432
3369;-89.55042301
3370;-89.43449455
3371;-89.49878063
3372;-89.60895458
3373;-89.41811889
3374;-89.79386028
3375;-89.80018229
3376;-90.02848302
3377;-90.29887316
3378;-90.3856929
3379;-90.44040292
3380;-90.37551328
3381;-90.68646729
3382;-90.74000441
3383;-90.91158453
3384;-90.77794294
3385;-90.97060877
3386;-91.48352699
3387;-91.61468992
3388;-91.5665248
3389;-91.65511417
3390;-91.72980792
3391;-91.81306751
3392;-91.67298512
3393;-91.72033455
3394;-91.8848285
3395;-91.72464237
3396;-91.83376121
3397;-92.00988645
3398;-91.8634926
3399;-91.85512083
3400;-92.14987479
3401;-92.16411235
3402;-92.40388912
3403;-92.69281258
3404;-92.52038977
3405;-93.0153178
3406;-92.94158817
3407;-93.11860154
3408;-93.11601365
3409;-93.02227903
3410;-92.76208305
3411;-92.66265841
3412;-92.53173174
3413;-92.56847318
3414;-92.48798729
3415;-92.60125027
3416;-92.36989
3417;-92.59687446
3418;-92.87818977
3419;-92.97602238
3420;-93.03431493
3421;-93.06986031
3422;-92.97885755
3423;-92.8181941
3424;-93.13444731
3425;-92.80056315
3426;-92.73673681
3427;-92.80363959
3428;-92.88914022
3429;-92.57304667
3430;-92.33642041
3431;-92.34124495
3432;-92.31184836
3433;-91.92601514
3434;-91.75462467
3435;-91.87260755
3436;-91.72104995
3437;-91.45887148
3438;-91.57686899
3439;-91.87583754
3440;-91.38817479
3441;-91.11218442
3442;-91.34980701
3443;-91.56026459
3444;-91.60668842
3445;-91.51137369
3446;-91.73878752
3447;-91.65119183
3448;-91.30724964
3449;-91.24557077
3450;-91.28028034
3451;-91.11018101
3452;-91.1344217
3453;-90.9910946
3454;-90.91698961
3455;-91.39614325
3456;-91.02987645
3457;-91.11573496
3458;-90.67212935
3459;-90.50294264
3460;-90.85572922
3461;-91.0341375
3462;-91.17711615
3463;-91.4149421
3464;-91.20085492
3465;-91.44255436
3466;-91.27569769
3467;-91.05822934
3468;-90.97952638
3469;-90.94499001
3470;-90.86545327
3471;-90.74743152
3472;-90.96323192
3473;-91.16206627
3474;-91.4076965
3475;-91.53836399
3476;-91.64028561
3477;-91.75491401
3478;-91.61534214
3479;-91.60109275
3480;-91.61368374
3481;-91.75300214
3482;-91.70067957
3483;-91.35666625
3484;-91.58802502
3485;-91.76748066
3486;-91.95149721
3487;-92.00172036
3488;-92.26391913
3489;-92.20121562
3490;-92.14929597
3491;-92.71585258
3492;-92.7029212
3493;-92.45289181
3494;-92.2867573
3495;-92.35071172
3496;-92.51877013
3497;-92.24654292
3498;-92.38056981
3499;-92.42950009
3500;-92.37876254
3501;-92.18199102
3502;-92.04435638
3503;-92.19026334
3504;-92.17342817
3505;-92.23538621
3506;-92.12224236
3507;-92.15469667
3508;-92.11160454
3509;-92.56827613
3510;-92.71061211
3511;-92.51448977
3512;-92.65901736
3513;-92.72661004
3514;-92.5440481
3515;-92.63662386
3516;-92.91544077
3517;-92.94440723
3518;-93.07567753
3519;-92.9713896
3520;-93.0177986
3521;-93.15264284
3522;-93.18156749
3523;-92.88832924
3524;-93.03317385
3525;-92.66875152
3526;-92.58192824
3527;-92.74979417
3528;-92.7318695
3529;-92.6949645
3530;-92.4867496
3531;-92.88586378
3532;-92.90221466
3533;-92.88765739
3534;-92.95663257
3535;-92.96310412
3536;-92.9650951
3537;-92.74459575
3538;-92.65950091
3539;-92.58918784
3540;-92.72635626
3541;-92.99130127
3542;-93.06530493
3543;-93.19485245
3544;-93.28289766
3545;-93.24454284
3546;-92.98268713
3547;-92.80387876
3548;-93.24900304
3549;-93.07003787
3550;-93.29441499
3551;-93.2975745
3552;-93.4345232
3553;-93.59936642
3554;-93.60996229
3555;-93.87740852
3556;-93.94253851
3557;-93.88564058
3558;-93.83716675
3559;-94.14298691
3560;-94.00662209
3561;-94.00233497
3562;-94.15261378
3563;-93.68864868
3564;-93.41497042
3565;-93.55238418
3566;-93.30453421
3567;-92.93074691
3568;-93.05149752
3569;-92.99282186
3570;-93.10078116
3571;-92.93962874
3572;-92.96028079
3573;-92.94208107
3574;-93.25844482
3575;-93.26636227
3576;-93.56784124
3577;-93.82076364
3578;-93.69892461
3579;-93.82101842
3580;-93.98912882
3581;-94.05145133
3582;-94.09948717
3583;-94.03634152
3584;-94.27670588
3585;-94.01169168
3586;-94.18680077
3587;-94.32375614
3588;-94.10158722
3589;-94.22879659
3590;-94.28632428
3591;-94.27063553
3592;-94.13694171
3593;-94.17977758
3594;-94.24849022
3595;-94.25121814
3596;-94.4371747
3597;-94.62008618
3598;-94.80197576
3599;-94.71214451
3600;-95.00531054
3601;-94.54491706
3602;-94.99612864
3603;-95.00377689
3604;-95.0067844
3605;-94.92469503
3606;-94.89636034
3607;-94.62888156
3608;-94.60109653
3609;-94.73136033
3610;-94.21589637
3611;-94.40795035
3612;-94.57376005
3613;-94.54345685
3614;-95.01330495
3615;-95.19640472
3616;-95.0883759
3617;-95.29061752
3618;-95.36649974
3619;-95.30471143
3620;-95.34994898
3621;-95.30598675
3622;-95.44474929
3623;-95.42140266
3624;-95.57464317
3625;-95.67720883
3626;-95.78008531
3627;-95.79765282
3628;-95.6205778
3629;-95.37796011
3630;-95.15829625
3631;-94.833509
3632;-94.76101338
3633;-94.7854424
3634;-94.7690225
3635;-94.32004438
3636;-94.57841478
3637;-94.61635199
3638;-94.55809292
3639;-94.98234454
3640;-94.74131133
3641;-94.32917769
3642;-94.28906912
3643;-94.17409659
3644;-94.19399662
3645;-94.18810192
3646;-94.30718329
3647;-94.37320508
3648;-94.66300859
3649;-94.803617
3650;-94.69036355
3651;-94.72062123
3652;-95.17311878
3653;-94.76349385
3654;-94.89757553
3655;-95.03205783
3656;-95.21799686
3657;-94.70188164
3658;-94.99959102
3659;-94.63077388
3660;-94.580888
3661;-94.93215058
3662;-94.71923633
3663;-94.73603888
3664;-94.60689019
3665;-94.40414413
3666;-94.38799049
3667;-94.48502903
3668;-94.53484733
3669;-94.56906041
3670;-94.86384451
3671;-95.14525634
3672;-95.41186012
3673;-95.54368714
3674;-95.54964561
3675;-95.51771186
3676;-95.16861819
3677;-94.749544
3678;-94.61132621
3679;-94.36175587
3680;-94.81026764
3681;-94.83646381
3682;-95.13292382
3683;-95.36468275
3684;-95.23475438
3685;-95.13896258
3686;-95.5308891
3687;-95.66706193
3688;-95.70244757
3689;-95.56278732
3690;-95.30981687
3691;-95.38641885
3692;-95.62193422
3693;-95.29923953
3694;-95.5582966
3695;-95.55346915
3696;-95.79727578
3697;-95.79034557
3698;-95.8176208
3699;-95.66923669
3700;-95.51873042
3701;-95.43587676
3702;-95.34176541
3703;-95.22734908
3704;-95.01231854
3705;-94.80919986
3706;-94.63217528
3707;-94.72905863
3708;-95.06764082
3709;-94.99428398
3710;-95.09577715
3711;-94.92946881
3712;-95.04645764
3713;-95.11320321
3714;-95.10424934
3715;-95.12202855
3716;-95.24574637
3717;-94.91343769
3718;-95.04583144
3719;-95.00091928
3720;-95.10874125
3721;-94.84564927
3722;-94.6071165
3723;-94.34460782
3724;-94.05171007
3725;-93.97110502
3726;-94.06950792
3727;-94.08850215
3728;-94.23628206
3729;-94.41343447
3730;-94.91524219
3731;-94.96231561
3732;-94.92624584
3733;-94.75598912
3734;-94.60628217
3735;-94.56134137
3736;-94.85448534
3737;-94.74835641
3738;-94.61268961
3739;-94.6238255
3740;-94.55620772
3741;-94.94039973
3742;-95.07274554
3743;-95.21086013
3744;-95.54540268
3745;-95.34154858
3746;-95.46924014
3747;-95.46233863
3748;-95.30749204
3749;-95.29897345
3750;-95.15369264
3751;-94.97467947
3752;-94.94098689
3753;-95.03952072
3754;-95.09123926
3755;-95.57952968
3756;-95.39757483
3757;-95.64697318
3758;-95.46448112
3759;-95.36587862
3760;-95.37031569
3761;-95.77342867
3762;-96.05584521
3763;-95.93278651
3764;-95.98173101
3765;-95.86408453
3766;-95.84937217
3767;-95.5775123
3768;-95.90622349
3769;-95.6678286
3770;-95.67488449
3771;-95.67076294
3772;-95.86086281
3773;-95.93332993
3774;-96.05267873
3775;-96.09481799
3776;-95.83580072
3777;-95.83105749
3778;-96.10189633
3779;-96.24190929
3780;-96.08166184
3781;-95.48331688
3782;-95.08488183
3783;-95.03964009
3784;-95.12754052
3785;-95.14918117
3786;-95.35958252
3787;-95.34997628
3788;-95.63238486
3789;-95.6439024
3790;-95.4299605
3791;-95.48418754
3792;-95.18932467
3793;-95.185105
3794;-94.97973962
3795;-94.87667138
3796;-94.82653085
3797;-94.66898615
3798;-94.62176444
3799;-94.52313436
3800;-94.43638896
3801;-94.47874561
3802;-94.59449075
3803;-94.68231496
3804;-94.27505099
3805;-94.31240468
3806;-94.05394603
3807;-94.31377576
3808;-94.00071334
3809;-94.17195137
3810;-94.31592827
3811;-94.30650469
3812;-94.40237314
3813;-94.18931249
3814;-94.20214742
3815;-94.08237576
3816;-94.20525708
3817;-94.31658215
3818;-94.50277327
3819;-94.47277125
3820;-94.41431387
3821;-94.46374285
3822;-94.37234191
3823;-94.20838358
3824;-94.52029585
3825;-94.48825751
3826;-94.65906888
3827;-95.26001819
3828;-95.31050637
3829;-95.13809923
3830;-94.97529611
3831;-95.00350841
3832;-95.28753643
3833;-95.42076285
3834;-95.33650983
3835;-95.24916616
3836;-95.18126298
3837;-95.02237454
3838;-95.07403558
3839;-94.81679215
3840;-95.02271615
3841;-95.0041829
3842;-94.89728858
3843;-95.05845465
3844;-94.80151511
3845;-95.06706935
3846;-94.93030748
3847;-94.79785373
3848;-94.80432785
3849;-94.68406551
3850;-94.78105426
3851;-94.77202305
3852;-94.72957097
3853;-94.68780301
3854;-94.64277776
3855;-94.86733053
3856;-94.74598005
3857;-94.79568716
3858;-94.44566709
3859;-94.75695826
3860;-94.60427898
3861;-94.69386752
3862;-94.81587612
3863;-94.47558568
3864;-94.75490945
3865;-94.77669923
3866;-94.5170134
3867;-94.36460041
3868;-94.39767689
3869;-94.4674912
3870;-94.43647352
3871;-94.66471271
3872;-94.57290048
3873;-94.7550602
3874;-94.84724007
3875;-94.48055471
3876;-94.39386996
3877;-94.40338681
3878;-94.04586479
3879;-93.77549045
3880;-93.66025588
3881;-93.73302629
3882;-94.07927395
3883;-94.02390391
3884;-94.14088431
3885;-94.31140874
3886;-94.40830221
3887;-94.43009375
3888;-94.38798606
3889;-94.20229777
3890;-94.20933419
3891;-94.37001249
3892;-94.70511464
3893;-95.00410482
3894;-94.76249762
3895;-94.77755534
3896;-94.62968748
3897;-94.76620396
3898;-95.00011087
3899;-94.82584204
3900;-94.80111907
3901;-94.89574405
3902;-94.59260284
3903;-94.67151005
3904;-94.81353961
3905;-94.96157893
3906;-94.86803869
3907;-95.01238022
3908;-95.04979455
3909;-95.3510511
3910;-95.3891194
3911;-95.15043837
3912;-94.52354326
3913;-94.48771971
3914;-94.69497507
3915;-94.55714117
3916;-94.59164991
3917;-94.8680013
3918;-95.02869491
3919;-95.02923023
3920;-95.21139103
3921;-95.0896007
3922;-95.06039202
3923;-95.02339468
3924;-94.62066219
3925;-94.42567002
3926;-94.5228223
3927;-94.55163436
3928;-94.49827467
3929;-94.53031363
3930;-94.63096707
3931;-94.80375617
3932;-94.71440277
3933;-94.40787687
3934;-94.56367296
3935;-94.58819839
3936;-94.84155877
3937;-94.86299388
3938;-94.92985864
3939;-94.90107092
3940;-95.04228312
3941;-94.97409738
3942;-94.72160429
3943;-94.2880377
3944;-94.25576741
3945;-94.30071112
3946;-94.51335904
3947;-94.55233402
3948;-94.51529067
3949;-94.36470049
3950;-94.3892135
3951;-94.29812273
3952;-94.28465746
3953;-94.48932076
3954;-94.42762001
3955;-94.53838756
3956;-94.46724823
3957;-94.50522135
3958;-94.18088328
3959;-94.08753843
3960;-94.34798964
3961;-94.19129961
3962;-94.65189579
3963;-95.22118169
3964;-95.30481925
3965;-95.19534671
3966;-95.19674133
3967;-95.22491754
3968;-95.04448791
3969;-95.08846539
3970;-94.90981582
3971;-94.85904873
3972;-94.99644811
3973;-95.0000741
3974;-94.92415541
3975;-95.41014621
3976;-95.60831478
3977;-95.64613429
3978;-95.65824113
3979;-95.31368356
3980;-95.3967676
3981;-95.33254763
3982;-95.32452494
3983;-95.30182872
3984;-95.04429355
3985;-94.82683613
3986;-94.5437458
3987;-93.95997454
3988;-93.76732049
3989;-93.69613895
3990;-93.76863083
3991;-93.64937358
3992;-93.50294873
3993;-93.23796912
3994;-93.17895302
3995;-93.09896412
3996;-93.25005446
3997;-92.94826919
3998;-92.88695495
3999;-92.79744661
4000;-92.64646288
4001;-92.80459641
4002;-92.68170801
4003;-92.68928564
4004;-92.5527843
4005;-92.45845762
4006;-92.07953229
4007;-92.10363386
4008;-91.96890941
4009;-92.07895772
4010;-92.09614039
4011;-91.88273308
4012;-91.75815548
4013;-91.364789
4014;-91.45867741
4015;-91.0997033
4016;-91.09965342
4017;-91.13068399
4018;-91.02397837
4019;-91.26341002
4020;-90.95903747
4021;-91.12577499
4022;-90.96370305
4023;-90.69767156
4024;-90.51466532
4025;-90.70175217
4026;-90.71192429
4027;-90.40793085
4028;-90.19307927
4029;-89.8611458
4030;-90.01813124
4031;-90.08094395
4032;-89.90952098
4033;-89.76904012
4034;-89.77231289
4035;-89.77614782
4036;-89.60939792
4037;-89.68399894
4038;-89.8184041
4039;-89.90256427
4040;-90.15837503
4041;-89.96485721
4042;-89.97850437
4043;-90.06281453
4044;-90.15797374
4045;-90.36959131
4046;-90.30318298
4047;-90.21745819
4048;-90.34704324
4049;-90.30595328
4050;-90.39463103
4051;-90.40361776
4052;-90.34934146
4053;-90.56479159
4054;-90.28926256
4055;-90.55008392
4056;-90.47291666
4057;-90.48792818
4058;-90.39364507
4059;-90.31700154
4060;-90.35464322
4061;-90.2260435
4062;-90.18404168
4063;-90.22870001
4064;-90.43726922
4065;-90.21813448
4066;-90.35136014
4067;-90.17310452
4068;-90.09999309
4069;-89.95614125
4070;-90.01308873
4071;-90.19099738
4072;-90.12574777
4073;-90.06214648
4074;-90.19295724
4075;-90.36372221
4076;-90.30906123
4077;-89.96938981
4078;-90.14143886
4079;-90.32954922
4080;-90.62773452
4081;-90.68003216
4082;-90.61082296
4083;-90.68607369
4084;-90.80984083
4085;-90.72378616
4086;-90.88331788
4087;-91.30263834
4088;-91.19125975
4089;-91.44921711
4090;-91.51527714
4091;-91.30345069
4092;-91.34012314
4093;-91.16211691
4094;-91.25975113
4095;-91.44599208
4096;-91.53250398
4097;-91.65376044
4098;-91.59467248
4099;-91.81098722
4100;-91.59179093
4101;-91.50049361
4102;-91.51149198
4103;-91.35058267
4104;-91.48692191
4105;-91.37094372
4106;-91.23995406
4107;-91.61124464
4108;-91.95135167
4109;-92.12598702
4110;-92.42653437
4111;-92.43309316
4112;-92.72909758
4113;-92.85004931
4114;-92.97397842
4115;-92.84431142
4116;-92.80589326
4117;-92.69769742
4118;-92.78758492
4119;-92.92103995
4120;-92.91527465
4121;-92.70460345
4122;-92.4005023
4123;-92.39233798
4124;-92.64809197
4125;-92.67942621
4126;-92.77844497
4127;-92.775395
4128;-92.82662528
4129;-92.47822506
4130;-92.545313
4131;-92.53164193
4132;-92.58724736
4133;-92.60443144
4134;-92.84969819
4135;-92.71727044
4136;-92.79749994
4137;-92.79221856
4138;-92.65394712
4139;-92.94672286
4140;-92.73714587
4141;-92.67590263
4142;-92.69725994
4143;-92.87708454
4144;-93.2162829
4145;-93.15353115
4146;-93.05960536
4147;-93.13391175
4148;-93.09331359
4149;-93.23836424
4150;-93.0047506
4151;-93.3112738
4152;-93.62739123
4153;-93.75936369
4154;-93.82769055
4155;-93.69890699
4156;-93.99592235
4157;-93.99503179
4158;-93.86118112
4159;-93.54009622
4160;-93.48239105
4161;-93.50769191
4162;-93.63788042
4163;-93.51974484
4164;-93.47349391
4165;-93.35029317
4166;-93.40572417
4167;-93.56001375
4168;-93.6095393
4169;-93.8613638
4170;-93.71298639
4171;-93.82211536
4172;-94.01405389
4173;-94.14983427
4174;-94.33908442
4175;-94.11689561
4176;-94.1577753
4177;-93.96717351
4178;-93.95573481
4179;-94.07515615
4180;-94.32075371
4181;-94.2631348
4182;-94.14291056
4183;-94.19752992
4184;-94.16687029
4185;-94.2179839
4186;-94.330276
4187;-94.5695959
4188;-94.58203642
4189;-94.49479918
4190;-94.52207962
4191;-94.66439182
4192;-94.68903647
4193;-94.8756866
4194;-94.81856159
4195;-94.63617698
4196;-94.81698548
4197;-94.56261846
4198;-94.3312607
4199;-94.39171787
4200;-94.43212337
4201;-94.67299629
4202;-94.41116042
4203;-94.19914378
4204;-94.15531036
4205;-94.16521628
4206;-94.16136035
4207;-94.02032731
4208;-93.9576764
4209;-93.95067032
4210;-94.12945036
4211;-94.0236788
4212;-93.86268939
4213;-93.61719198
4214;-93.49857864
4215;-93.62683652
4216;-93.65692882
4217;-93.677955
4218;-93.4318724
4219;-93.57946087
4220;-93.4412561
4221;-93.29847132
4222;-93.24475175
4223;-93.30826238
4224;-93.42560623
4225;-93.19768201
4226;-93.28109231
4227;-93.21830976
4228;-93.08288282
4229;-92.99469157
4230;-92.77079984
4231;-92.80446042
4232;-92.8889052
4233;-93.0676416
4234;-92.87930226
4235;-92.79520455
4236;-92.54620737
4237;-92.3594602
4238;-92.2342068
4239;-92.17442705
4240;-92.1441401
4241;-91.82747455
4242;-91.86970722
4243;-91.97001992
4244;-91.75512646
4245;-91.60470947
4246;-91.59895281
4247;-91.48670525
4248;-91.67709002
4249;-91.7111705
4250;-91.66761886
4251;-91.69035246
4252;-91.53221431
4253;-91.71093879
4254;-91.56996953
4255;-91.71842039
4256;-91.70694571
4257;-91.62416833
4258;-91.69556864
4259;-91.74895378
4260;-91.57644279
4261;-91.43217238
4262;-91.19747533
4263;-91.33964658
4264;-91.39162197
4265;-91.64208116
4266;-91.42320841
4267;-91.56110916
4268;-91.53557274
4269;-91.62767459
4270;-91.46240723
4271;-91.56910302
4272;-91.75783693
4273;-91.75783942
4274;-91.64867743
4275;-91.49336319
4276;-91.31729952
4277;-91.26118732
4278;-91.29103537
4279;-91.29807815
4280;-91.55443944
4281;-91.8620921
4282;-91.81584563
4283;-91.76583634
4284;-91.89443821
4285;-92.07247857
4286;-92.24725603
4287;-92.1509795
4288;-92.34973154
4289;-92.14311816
4290;-92.0687003
4291;-92.26927164
4292;-92.29198887
4293;-92.01089921
4294;-91.94413107
4295;-92.01171923
4296;-92.11656774
4297;-92.28604167
4298;-92.27860397
4299;-92.51199101
4300;-92.62579438
4301;-92.29997008
4302;-92.20650293
4303;-92.36726361
4304;-92.4942119
4305;-92.43403473
4306;-92.30719865
4307;-92.48783613
4308;-92.55533038
4309;-92.8209107
4310;-93.11918042
4311;-93.42514847
4312;-93.7238119
4313;-93.97709973
4314;-93.83070359
4315;-94.03145764
4316;-94.04220458
4317;-94.00603001
4318;-93.76103571
4319;-94.05685408
4320;-94.24588565
4321;-94.26245385
4322;-94.14485695
4323;-94.33875475
4324;-94.40526319
4325;-94.11883416
4326;-94.24308221
4327;-94.66094734
4328;-94.68020405
4329;-94.80415187
4330;-94.87818753
4331;-94.78157221
4332;-94.50544559
4333;-94.67092819
4334;-94.42797136
4335;-94.54197903
4336;-94.40337514
4337;-94.00110369
4338;-94.32147362
4339;-94.29593053
4340;-94.57522294
4341;-94.72368039
4342;-94.6987443
4343;-94.97562744
4344;-95.2604095
4345;-95.38407777
4346;-95.24171114
4347;-95.25395947
4348;-95.23907698
4349;-95.29297042
4350;-95.12601985
4351;-95.14803792
4352;-95.51621911
4353;-95.21865125
4354;-95.11142105
4355;-95.10219739
4356;-95.21325335
4357;-95.45035557
4358;-95.33527654
4359;-95.28995495
4360;-95.10269691
4361;-94.80970306
4362;-94.59132932
4363;-94.48195582
4364;-94.57850449
4365;-94.48289734
4366;-94.51888617
4367;-94.30094573
4368;-94.47044138
4369;-94.56809104
4370;-94.35599818
4371;-94.2755467
4372;-94.16100677
4373;-94.15609737
4374;-93.89831611
4375;-93.95739143
4376;-94.15505225
4377;-94.10779869
4378;-94.26515569
4379;-94.29181994
4380;-94.14914301
4381;-94.13327227
4382;-94.15171591
4383;-94.21185138
4384;-94.40814902
4385;-94.37844668
4386;-94.04678728
4387;-94.39168268
4388;-94.64678921
4389;-94.61867548
4390;-94.60086536
4391;-94.32682304
4392;-94.20449573
4393;-94.07327505
4394;-93.83642227
4395;-93.82194712
4396;-93.6657678
4397;-93.68951943
4398;-93.74477178
4399;-93.53401158
4400;-93.5893019
4401;-93.55823506
4402;-93.47261303
4403;-93.5375131
4404;-93.83955637
4405;-93.90052517
4406;-93.93927648
4407;-93.95087793
4408;-93.71361724
4409;-93.62671527
4410;-93.51719476
4411;-93.6174632
4412;-93.53478132
4413;-93.83677358
4414;-93.847954
4415;-93.71793517
4416;-93.85472515
4417;-93.82791095
4418;-93.85933646
4419;-93.74116317
4420;-93.83208216
4421;-93.5220914
4422;-93.50658974
4423;-93.73766435
4424;-93.78358185
4425;-93.89782326
4426;-93.4796242
4427;-93.39977098
4428;-93.54905348
4429;-93.2588839
4430;-93.08868049
4431;-93.019672
4432;-93.13256887
4433;-93.12271708
4434;-93.06563854
4435;-92.75924066
4436;-92.95865014
4437;-93.08585524
4438;-92.6360733
4439;-92.62262024
4440;-92.43586367
4441;-92.28111502
4442;-92.42855755
4443;-92.49643528
4444;-92.81376553
4445;-92.99210901
4446;-92.98550881
4447;-92.79337583
4448;-92.83358551
4449;-92.74226851
4450;-92.78864951
4451;-92.71880519
4452;-92.66662225
4453;-92.98484941
4454;-93.00201937
4455;-92.96895781
4456;-92.8523472
4457;-92.80643252
4458;-93.06094491
4459;-92.76667626
4460;-92.87745516
4461;-93.09206217
4462;-93.06048087
4463;-93.08845951
4464;-92.94186402
4465;-92.98743699
4466;-92.78375676
4467;-92.89827064
4468;-92.97765586
4469;-93.03523415
4470;-93.15120751
4471;-93.11747582
4472;-93.41088798
4473;-93.37069868
4474;-93.32697013
4475;-93.08856748
4476;-93.08432038
4477;-93.3520395
4478;-93.57221668
4479;-93.29031393
4480;-93.17136435
4481;-93.40810759
4482;-93.45978743
4483;-93.45691478
4484;-93.27908176
4485;-93.38196605
4486;-93.4426473
4487;-93.49799311
4488;-93.48289954
4489;-93.67699495
4490;-93.43615096
4491;-93.45572359
4492;-93.81747908
4493;-93.88176919
4494;-94.00872441
4495;-93.84968621
4496;-93.73903775
4497;-93.72694119
4498;-93.99020482
4499;-93.99120895
4500;-94.13310688
4501;-94.24619952
4502;-94.37378608
4503;-94.50014385
4504;-94.25460761
4505;-94.11171393
4506;-94.33482181
4507;-94.35695923
4508;-94.42279805
4509;-94.27097488
4510;-94.75107552
4511;-94.81442251
4512;-94.89133709
4513;-94.92594504
4514;-95.11902616
4515;-95.09158023
4516;-94.95955398
4517;-95.27017137
4518;-95.23722589
4519;-95.14775643
4520;-95.10811535
4521;-94.85999924
4522;-94.87060675
4523;-94.63116681
4524;-94.54393066
4525;-94.35440559
4526;-94.49198837
4527;-94.31258886
4528;-94.29954986
4529;-94.02728241
4530;-94.07252154
4531;-94.02743986
4532;-93.9712937
4533;-94.15855371
4534;-93.97273222
4535;-94.11234036
4536;-94.1727275
4537;-94.12512597
4538;-93.8990044
4539;-93.61316807
4540;-93.46922528
4541;-93.78475294
4542;-93.73505185
4543;-93.44889171
4544;-93.35534033
4545;-93.15566495
4546;-93.014673
4547;-93.2640647
4548;-93.22238768
4549;-92.96919469
4550;-92.88433864
4551;-92.76008068
4552;-92.25175911
4553;-92.041827
4554;-91.83888206
4555;-91.49827185
4556;-91.25226471
4557;-91.04274573
4558;-91.07884401
4559;-90.89963677
4560;-90.81856694
4561;-90.41707007
4562;-90.46877811
4563;-90.23039527
4564;-90.26005259
4565;-90.05291878
4566;-89.89613107
4567;-89.7902226
4568;-89.79911536
4569;-89.70775278
4570;-89.20518682
4571;-89.14775632
4572;-89.17613882
4573;-89.14869605
4574;-89.35472681
4575;-89.38879808
4576;-89.61055139
4577;-89.62757739
4578;-89.66371765
4579;-89.60986327
4580;-89.59849441
4581;-89.57059059
4582;-89.64660045
4583;-89.57711569
4584;-89.48403013
4585;-89.53484742
4586;-89.45008424
4587;-89.44136669
4588;-89.45164762
4589;-89.52453367
4590;-89.65295666
4591;-89.59620012
4592;-89.72494354
4593;-89.82861605
4594;-89.87822594
4595;-89.73755951
4596;-89.80258331
4597;-89.93767616
4598;-89.50790445
4599;-89.5243371
4600;-89.79663775
4601;-89.80642629
4602;-89.84537662
4603;-90.35676117
4604;-90.36949955
4605;-90.57596569
4606;-90.85260715
4607;-91.15210293
4608;-91.11060134
4609;-91.06718148
4610;-90.85084791
4611;-90.81577008
4612;-90.87775303
4613;-90.85788819
4614;-90.78813339
4615;-90.55880266
4616;-90.6419644
4617;-90.83482312
4618;-91.07484541
4619;-91.03019465
4620;-91.14655215
4621;-91.69656879
4622;-91.59593103
4623;-91.8077384
4624;-91.78242708
4625;-91.73473096
4626;-91.66873656
4627;-91.51775926
4628;-91.45250086
4629;-91.40270737
4630;-91.60894916
4631;-91.8269418
4632;-91.70737561
4633;-91.52552497
4634;-91.57176472
4635;-91.53267606
4636;-91.53317496
4637;-91.73394339
4638;-91.52124226
4639;-91.46763458
4640;-91.49635291
4641;-91.61800715
4642;-91.90615567
4643;-91.68549023
4644;-91.79092748
4645;-91.71734925
4646;-91.53783876
4647;-91.47168847
4648;-91.4209892
4649;-91.75488576
4650;-91.70333173
4651;-91.46135039
4652;-91.56495846
4653;-91.52784576
4654;-91.44294675
4655;-91.54248582
4656;-91.95105105
4657;-92.01371639
4658;-92.06090792
4659;-92.10377361
4660;-92.25374559
4661;-92.47406521
4662;-92.6326023
4663;-92.94188408
4664;-92.900529
4665;-93.10711098
4666;-93.29385226
4667;-93.27919462
4668;-93.06486929
4669;-92.88276201
4670;-92.80237851
4671;-92.89362771
4672;-92.77180328
4673;-93.03997866
4674;-93.27813742
4675;-93.44527068
4676;-93.55555328
4677;-93.58051213
4678;-93.62937926
4679;-93.6962155
4680;-93.7656099
4681;-93.63575991
4682;-93.75772451
4683;-94.0208591
4684;-94.27712012
4685;-94.30559952
4686;-94.40468418
4687;-94.42934537
4688;-94.57987759
4689;-94.75294219
4690;-94.8339695
4691;-94.936213
4692;-94.85436644
4693;-94.63620911
4694;-94.75020541
4695;-94.86783326
4696;-94.95956645
4697;-95.31702789
4698;-95.30052426
4699;-95.54336829
4700;-95.54406692
4701;-95.60053946
4702;-95.7619344
4703;-95.57829247
4704;-95.46597375
4705;-95.67574425
4706;-95.56229914
4707;-95.12102079
4708;-95.0764009
4709;-94.90662534
4710;-94.97658082
4711;-94.88394551
4712;-95.14345976
4713;-95.01630498
4714;-94.97939868
4715;-94.77899586
4716;-94.57648905
4717;-94.63829898
4718;-94.67757263
4719;-94.99195785
4720;-95.16014256
4721;-95.20409359
4722;-95.02661937
4723;-95.24297279
4724;-95.15785868
4725;-94.89787435
4726;-94.64272268
4727;-94.53236312
4728;-94.61973444
4729;-95.04418822
4730;-94.86395069
4731;-94.95118342
4732;-95.33886156
4733;-95.04944058
4734;-95.04345322
4735;-94.95700512
4736;-94.80373142
4737;-94.83518755
4738;-94.80832972
4739;-94.48020828
4740;-94.11159757
4741;-94.15440095
4742;-94.12539104
4743;-93.92810275
4744;-93.9582436
4745;-93.79778784
4746;-93.70693869
4747;-93.73965018
4748;-93.88397811
4749;-93.86588587
4750;-93.63323368
4751;-93.72554162
4752;-93.7099388
4753;-93.56792314
4754;-93.87563971
4755;-94.16788837
4756;-93.82432831
4757;-94.19323051
4758;-94.1814867
4759;-94.09855137
4760;-94.20230395
4761;-94.27537417
4762;-94.29977304
4763;-94.15878315
4764;-93.92717229
4765;-93.93118387
4766;-94.1615862
4767;-94.39119758
4768;-94.42371601
4769;-94.5019933
4770;-94.1791546
4771;-94.16267422
4772;-94.24239133
4773;-94.20729766
4774;-94.01391478
4775;-94.08522276
4776;-94.07723174
4777;-94.06347517
4778;-94.10756888
4779;-94.22360956
4780;-93.92427707
4781;-94.22772865
4782;-94.14046852
4783;-93.91672563
4784;-93.85574697
4785;-93.71286336
4786;-93.75327029
4787;-93.7273639
4788;-93.73811838
4789;-93.8535417
4790;-93.75518394
4791;-94.06012549
4792;-93.86865498
4793;-93.85843749
4794;-94.16679678
4795;-94.33906313
4796;-94.38972317
4797;-94.13205647
4798;-94.17980574
4799;-93.97242306
4800;-94.0763454
4801;-94.25291163
4802;-94.02516828
4803;-94.06721977
4804;-94.52536709
4805;-94.54822295
4806;-94.4449386
4807;-94.6984944
4808;-94.46541778
4809;-94.53876273
4810;-94.69500879
4811;-94.29998492
4812;-94.01125009
4813;-93.95511906
4814;-93.88079019
4815;-94.0838352
4816;-94.00208887
4817;-93.86954399
4818;-93.95349378
4819;-93.94884763
4820;-93.88296584
4821;-94.0935043
4822;-93.95076277
4823;-93.92372539
4824;-94.05923987
4825;-94.072645
4826;-94.09583659
4827;-94.08165792
4828;-94.19778252
4829;-94.22501438
4830;-94.16518879
4831;-94.18853337
4832;-94.07780615
4833;-94.29577626
4834;-94.153192
4835;-94.33492423
4836;-94.30894617
4837;-94.0089929
4838;-94.29724087
4839;-94.44322626
4840;-94.46834217
4841;-94.46431228
4842;-94.5382716
4843;-94.84017318
4844;-94.92772636
4845;-94.81753531
4846;-94.92167904
4847;-94.99423768
4848;-95.2015044
4849;-95.08298896
4850;-95.22569916
4851;-95.39700766
4852;-95.40908079
4853;-95.57991448
4854;-95.69892205
4855;-95.30936882
4856;-95.00865886
4857;-95.1100788
4858;-94.86674788
4859;-95.02539459
4860;-95.05375904
4861;-95.05798476
4862;-95.54283807
4863;-95.67080814
4864;-95.92304198
4865;-95.95258607
4866;-96.17230712
4867;-96.34336166
4868;-96.41914673
4869;-96.20672343
4870;-95.99639623
4871;-96.00983441
4872;-96.01059685
4873;-96.14049794
4874;-96.01480752
4875;-95.82665404
4876;-95.89357782
4877;-95.90466038
4878;-96.00817999
4879;-95.83670549
4880;-95.72701727
4881;-95.62437357
4882;-95.66116974
4883;-95.71326483
4884;-95.55104087
4885;-95.67936003
4886;-95.68312764
4887;-96.04235163
4888;-96.48956414
4889;-96.42457803
4890;-96.15236377
4891;-95.97559191
4892;-96.10251694
4893;-96.22607177
4894;-96.11917382
4895;-96.08241586
4896;-96.19316111
4897;-96.02224017
4898;-95.97557152
4899;-95.97789888
4900;-96.05102825
4901;-95.94754498
4902;-95.82631889
4903;-95.69814877
4904;-95.61122883
4905;-95.47031593
4906;-95.6186239
4907;-95.83823343
4908;-95.6994732
4909;-96.0245003
4910;-95.75713153
4911;-95.70638833
4912;-95.61522215
4913;-95.43834234
4914;-95.5882529
4915;-95.2720711
4916;-95.29284391
4917;-95.17883369
4918;-94.91671264
4919;-94.8359523
