epoch;Average comm savings
1;0.573392428
2;0.573676215
3;0.573643276
4;0.573769756
5;0.57406684
6;0.574439264
7;0.574447632
8;0.574563999
9;0.574817134
10;0.575102307
11;0.575321904
12;0.575490041
13;0.575696443
14;0.575817141
15;0.575691732
16;0.575882082
17;0.575935485
18;0.575925842
19;0.575961026
20;0.576016348
21;0.576150645
22;0.57625845
23;0.576304118
24;0.576211735
25;0.576347656
26;0.576289063
27;0.576520182
28;0.576686198
29;0.576770833
30;0.577057292
31;0.577298177
32;0.577408854
33;0.577265625
34;0.577190755
35;0.577161458
36;0.577070313
37;0.577083333
38;0.577063802
39;0.577021484
40;0.577272135
41;0.577242839
42;0.577272135
43;0.577164714
44;0.57695638
45;0.576689453
46;0.576438802
47;0.576191406
48;0.576005859
49;0.575957031
50;0.575680339
51;0.575582682
52;0.575309245
53;0.575
54;0.574778646
55;0.574241536
56;0.574013672
57;0.57382487
58;0.57367513
59;0.573486328
60;0.572900391
61;0.572399089
62;0.572226562
63;0.571845703
64;0.571461589
65;0.57139974
66;0.571064453
67;0.571044922
68;0.570745443
69;0.57054362
70;0.570146484
71;0.569990234
72;0.569749349
73;0.569498698
74;0.56930013
75;0.568733724
76;0.568460286
77;0.567929687
78;0.567272135
79;0.566878255
80;0.566722005
81;0.566152344
82;0.565735677
83;0.565458984
84;0.565374349
85;0.565211589
86;0.564947917
87;0.564641927
88;0.564316406
89;0.564075521
90;0.563567708
91;0.562991536
92;0.562532552
93;0.562089844
94;0.561702474
95;0.561692708
96;0.561533203
97;0.561188151
98;0.560872396
99;0.560299479
100;0.560221354
101;0.560039063
102;0.559729818
103;0.559707031
104;0.559453125
105;0.559361979
106;0.558860677
107;0.558704427
108;0.558580729
109;0.558020833
110;0.557955729
111;0.55781901
112;0.557470703
113;0.557177734
114;0.556985677
115;0.556748047
116;0.55671224
117;0.556269531
118;0.556015625
119;0.555625
120;0.555488281
121;0.55499349
122;0.554645182
123;0.554417318
124;0.554280599
125;0.554088542
126;0.554026693
127;0.553951823
128;0.554049479
129;0.55382487
130;0.553649089
131;0.553597005
132;0.553473307
133;0.553649089
134;0.553385417
135;0.553261719
136;0.553225911
137;0.553317057
138;0.553251953
139;0.553134766
140;0.553066406
141;0.553307292
142;0.553190104
143;0.553125
144;0.553105469
145;0.552744141
146;0.552571615
147;0.552532552
148;0.552451172
149;0.552480469
150;0.552356771
151;0.552171224
152;0.552070312
153;0.551966146
154;0.55203125
155;0.552093099
156;0.552128906
157;0.552050781
158;0.551852214
159;0.551966146
160;0.552089844
161;0.552161458
162;0.552086589
163;0.552102865
164;0.552014974
165;0.551914063
166;0.551656901
167;0.551731771
168;0.551806641
169;0.551826172
170;0.551852214
171;0.551865234
172;0.551829427
173;0.551669922
174;0.551653646
175;0.551770833
176;0.55164388
177;0.551741536
178;0.551575521
179;0.551601563
180;0.551611328
181;0.551640625
182;0.551656901
183;0.551510417
184;0.551513672
185;0.551591797
186;0.551565755
187;0.551500651
188;0.551360677
189;0.551360677
190;0.551302083
191;0.551155599
192;0.55124349
193;0.551240234
194;0.551223958
195;0.551191406
196;0.55117513
197;0.551305339
198;0.551302083
199;0.551276042
200;0.55108724
201;0.551188151
202;0.55117513
203;0.551110026
204;0.550898438
205;0.550738932
206;0.550748698
207;0.550647786
208;0.550520833
209;0.55046224
210;0.550227865
211;0.55014974
212;0.550120443
213;0.550097656
214;0.550117188
215;0.550100911
216;0.550048828
217;0.549895833
218;0.549788411
219;0.549746094
220;0.549628906
221;0.54960612
222;0.549586589
223;0.549580078
224;0.549453125
225;0.549466146
226;0.549423828
227;0.549208984
228;0.549241536
229;0.549241536
230;0.549156901
231;0.54914388
232;0.549098307
233;0.549033203
234;0.549130859
235;0.549000651
236;0.548994141
237;0.548834635
238;0.549059245
239;0.54898112
240;0.548935547
241;0.548916016
242;0.548811849
243;0.548782552
244;0.548860677
245;0.548971354
246;0.548984375
247;0.548850911
248;0.548766276
249;0.548720703
250;0.548707682
251;0.54867513
252;0.548759766
253;0.548714193
254;0.548769531
255;0.548792318
256;0.548776042
257;0.548763021
258;0.548769531
259;0.548798828
260;0.548847656
261;0.548873698
262;0.548854167
263;0.548857422
264;0.548886719
265;0.548893229
266;0.548867188
267;0.548740234
268;0.548763021
269;0.548763021
270;0.548815104
271;0.548772786
272;0.548808594
273;0.548837891
274;0.548850911
275;0.548733724
276;0.548753255
277;0.548805339
278;0.548870443
279;0.548818359
280;0.548792318
281;0.548763021
282;0.548769531
283;0.548834635
284;0.548707682
285;0.548785807
286;0.548789063
287;0.548789063
288;0.548538411
289;0.548544922
290;0.548570964
291;0.548551432
292;0.54859375
293;0.548671875
294;0.548583984
295;0.548580729
296;0.548574219
297;0.548613281
298;0.548642578
299;0.548626302
300;0.548619792
301;0.548541667
302;0.548460286
303;0.548447266
304;0.548427734
305;0.548388672
306;0.548349609
307;0.548307292
308;0.54827474
309;0.548310547
310;0.548238932
311;0.548160807
312;0.548092448
313;0.548040365
314;0.548040365
315;0.548040365
316;0.547988281
317;0.548076172
318;0.548141276
319;0.54819987
320;0.548229167
321;0.548219401
322;0.54811849
323;0.548092448
324;0.548046875
325;0.548147786
326;0.548108724
327;0.54805013
328;0.547939453
329;0.548085938
330;0.548128255
331;0.548238932
332;0.548222656
333;0.548183594
334;0.548167318
335;0.548059896
336;0.548072917
337;0.54805013
338;0.548076172
339;0.548102214
340;0.548027344
341;0.547988281
342;0.547988281
343;0.547926432
344;0.548011068
345;0.547903646
346;0.547897135
347;0.547880859
348;0.547851563
349;0.547796224
350;0.5478125
351;0.5478125
352;0.547838542
353;0.54805013
354;0.548024089
355;0.548076172
356;0.548014323
357;0.548030599
358;0.548001302
359;0.547903646
360;0.547903646
361;0.547897135
362;0.547890625
363;0.54788737
364;0.547858073
365;0.547770182
366;0.547779948
367;0.547763672
368;0.547669271
369;0.547679036
370;0.547594401
371;0.547600911
372;0.547838542
373;0.547845052
374;0.547841797
375;0.547792969
376;0.547799479
377;0.547796224
378;0.54780599
379;0.547711589
380;0.547705078
381;0.547568359
382;0.547613932
383;0.54757487
384;0.547591146
385;0.54766276
386;0.547610677
387;0.547584635
388;0.547591146
389;0.5475
390;0.547480469
391;0.547473958
392;0.547561849
393;0.547558594
394;0.547444661
395;0.547526042
396;0.547561849
397;0.547571615
398;0.547597656
399;0.547620443
400;0.547698568
401;0.547672526
402;0.547760417
403;0.547561849
404;0.547633464
405;0.547636719
406;0.547652995
407;0.547679036
408;0.547796224
409;0.547779948
410;0.54773763
411;0.547783203
412;0.547880859
413;0.547864583
414;0.547835286
415;0.547910156
416;0.547985026
417;0.547936198
418;0.547955729
419;0.547906901
420;0.547874349
421;0.547848307
422;0.547639974
423;0.547679036
424;0.547705078
425;0.547679036
426;0.547679036
427;0.547682292
428;0.547734375
429;0.547721354
430;0.547701823
431;0.547714844
432;0.547916667
433;0.547929687
434;0.547929687
435;0.54789388
436;0.547848307
437;0.547926432
438;0.547949219
439;0.548020833
440;0.548033854
441;0.548001302
442;0.547838542
443;0.547949219
444;0.548017578
445;0.547936198
446;0.547825521
447;0.547864583
448;0.547939453
449;0.547952474
450;0.547903646
451;0.547916667
452;0.547864583
453;0.547932943
454;0.547994792
455;0.547936198
456;0.547936198
457;0.547945964
458;0.547854818
459;0.547877604
460;0.547923177
461;0.547910156
462;0.547792969
463;0.547929688
464;0.547991536
465;0.547910156
466;0.547913411
467;0.547923177
468;0.547972005
469;0.547972005
470;0.54805013
471;0.548082682
472;0.548095703
473;0.54811849
474;0.548085938
475;0.548079427
476;0.548105469
477;0.548160807
478;0.548144531
479;0.548128255
480;0.548141276
481;0.548164063
482;0.547972005
483;0.547991536
484;0.547965495
485;0.547939453
486;0.547939453
487;0.547845052
488;0.547848307
489;0.54780599
490;0.547861328
491;0.547903646
492;0.547991536
493;0.547923177
494;0.547884115
495;0.547929688
496;0.54797526
497;0.547945964
498;0.547919922
499;0.547952474
500;0.548027344
501;0.548007813
502;0.547936198
503;0.547913411
504;0.547832031
505;0.547861328
506;0.547972005
507;0.548056641
508;0.548108724
509;0.548115234
510;0.548284505
511;0.548255208
512;0.54836263
513;0.548238932
514;0.548157552
515;0.548170573
516;0.548203125
517;0.548261719
518;0.54828125
519;0.548313802
520;0.548297526
521;0.548323568
522;0.548365885
523;0.548395182
524;0.548574219
525;0.548632813
526;0.548720703
527;0.548639323
528;0.548730469
529;0.548736979
530;0.548730469
531;0.548730469
532;0.548714193
533;0.548746745
534;0.548785807
535;0.548828125
536;0.54882487
537;0.548925781
538;0.548971354
539;0.548984375
540;0.548925781
541;0.549033203
542;0.548968099
543;0.549020182
544;0.549013672
545;0.549052734
546;0.549195964
547;0.549208984
548;0.549208984
549;0.549208984
550;0.549075521
551;0.54913737
552;0.549228516
553;0.549176432
554;0.549150391
555;0.549205729
556;0.54914388
557;0.549059245
558;0.549049479
559;0.549046224
560;0.548945313
561;0.548916016
562;0.548854167
563;0.548951823
564;0.548994141
565;0.549033203
566;0.548964844
567;0.548997396
568;0.548971354
569;0.548857422
570;0.548857422
571;0.548782552
572;0.548798828
573;0.548717448
574;0.548564453
575;0.548619792
576;0.548486328
577;0.548697917
578;0.548652344
579;0.548655599
580;0.548736979
581;0.548727214
582;0.548710938
583;0.548730469
584;0.54867513
585;0.548658854
586;0.548662109
587;0.54858724
588;0.548509115
589;0.548606771
590;0.548597005
591;0.548561198
592;0.548642578
593;0.548645833
594;0.548710938
595;0.548652344
596;0.548544922
597;0.548544922
598;0.548642578
599;0.54859375
600;0.54866862
601;0.548636068
602;0.548574219
603;0.548636068
604;0.548697917
605;0.54875651
606;0.548714193
607;0.548733724
608;0.548730469
609;0.548723958
610;0.548704427
611;0.548740234
612;0.548740234
613;0.548639323
614;0.548658854
615;0.548681641
616;0.548714193
617;0.548636068
618;0.54866862
619;0.548759766
620;0.548727214
621;0.54875
622;0.548720703
623;0.548772786
624;0.548802083
625;0.548717448
626;0.548694661
627;0.548548177
628;0.548525391
629;0.548557943
630;0.548479818
631;0.548489583
632;0.548502604
633;0.548427734
634;0.548434245
635;0.548460286
636;0.548538411
637;0.548544922
638;0.548583984
639;0.548476563
640;0.548583984
641;0.548544922
642;0.548577474
643;0.548535156
644;0.548515625
645;0.54859375
646;0.54860026
647;0.548528646
648;0.548388672
649;0.548427734
650;0.548382161
651;0.548515625
652;0.548597005
653;0.548574219
654;0.548557943
655;0.548424479
656;0.548457031
657;0.548417969
658;0.548417969
659;0.548375651
660;0.54844401
661;0.548434245
662;0.548421224
663;0.548440755
664;0.5484375
665;0.548385417
666;0.548284505
667;0.54828125
668;0.548323568
669;0.548385417
670;0.5484375
671;0.548470052
672;0.548385417
673;0.548365885
674;0.548398438
675;0.54835612
676;0.548424479
677;0.548385417
678;0.54836263
679;0.548382161
680;0.548304036
681;0.548320313
682;0.54836263
683;0.548421224
684;0.548473307
685;0.548457031
686;0.548473307
687;0.548447266
688;0.548528646
689;0.548505859
690;0.548499349
691;0.548567708
692;0.548505859
693;0.548531901
694;0.548476563
695;0.548352865
696;0.548320313
697;0.548330078
698;0.548300781
699;0.548330078
700;0.548411458
701;0.548310547
702;0.548310547
703;0.548330078
704;0.54836263
705;0.548476563
706;0.54851237
707;0.548502604
708;0.548476563
709;0.548561198
710;0.548528646
711;0.548492839
712;0.548603516
713;0.548714193
714;0.54867513
715;0.54874349
716;0.548798828
717;0.548834635
718;0.548694661
719;0.548710938
720;0.548701172
721;0.548652344
722;0.54875
723;0.548717448
724;0.548727214
725;0.548802083
726;0.548776042
727;0.548772786
728;0.548834635
729;0.548818359
730;0.548860677
731;0.548873698
732;0.54883138
733;0.548844401
734;0.548789063
735;0.548772786
736;0.548776042
737;0.548766276
738;0.548655599
739;0.548697917
740;0.548629557
741;0.548597005
742;0.548548177
743;0.548551432
744;0.548583984
745;0.548603516
746;0.548710938
747;0.548717448
748;0.548714193
749;0.548652344
750;0.548603516
751;0.548574219
752;0.548473307
753;0.548421224
754;0.548411458
755;0.548401693
756;0.548404948
757;0.548421224
758;0.548434245
759;0.54843099
760;0.548323568
761;0.548336589
762;0.548300781
763;0.548284505
764;0.548255208
765;0.548304036
766;0.548336589
767;0.548450521
768;0.54844401
769;0.548421224
770;0.548411458
771;0.548522135
772;0.548570964
773;0.548544922
774;0.548557943
775;0.54851237
776;0.548554688
777;0.548557943
778;0.548577474
779;0.548583984
780;0.548619792
781;0.548639323
782;0.548567708
783;0.548580729
784;0.548619792
785;0.548645833
786;0.54858724
787;0.548779297
788;0.548818359
789;0.548870443
790;0.548922526
791;0.54890625
792;0.549003906
793;0.548935547
794;0.548997396
795;0.549075521
796;0.549033203
797;0.549036458
798;0.549121094
799;0.549163411
800;0.549134115
801;0.549163411
802;0.549277344
803;0.549527995
804;0.549654948
805;0.549707031
806;0.549667969
807;0.549700521
808;0.549749349
809;0.549772135
810;0.549856771
811;0.550061849
812;0.550097656
813;0.550143229
814;0.550345052
815;0.55039388
816;0.550400391
817;0.550250651
818;0.55047526
819;0.55046224
820;0.550498047
821;0.550374349
822;0.550426432
823;0.550589193
824;0.550527344
825;0.550615234
826;0.550729167
827;0.550849609
828;0.550891927
829;0.550885417
830;0.55093099
831;0.551064453
832;0.55125
833;0.551259766
834;0.551246745
835;0.551276042
836;0.551350911
837;0.551295573
838;0.551380208
839;0.551386719
840;0.55148112
841;0.551494141
842;0.5515625
843;0.551689453
844;0.551708984
845;0.55188151
846;0.551962891
847;0.552060547
848;0.552109375
849;0.552291667
850;0.552555339
851;0.552539063
852;0.552526042
853;0.552467448
854;0.552347005
855;0.552373047
856;0.552460938
857;0.55257487
858;0.552711589
859;0.552766927
860;0.552903646
861;0.552897135
862;0.552958984
863;0.552988281
864;0.553063151
865;0.553141276
866;0.553313802
867;0.553636068
868;0.553645833
869;0.553717448
870;0.553844401
871;0.554156901
872;0.554163411
873;0.554163411
874;0.554394531
875;0.55445638
876;0.554404297
877;0.554472656
878;0.554554036
879;0.554775391
880;0.554830729
881;0.554827474
882;0.554677734
883;0.554746094
884;0.554840495
885;0.555048828
886;0.555188802
887;0.555139974
888;0.555100911
889;0.555146484
890;0.555126953
891;0.555182292
892;0.555065104
893;0.555100911
894;0.555240885
895;0.555302734
896;0.555266927
897;0.555227865
898;0.555276693
899;0.555094401
900;0.555013021
901;0.555227865
902;0.5553125
903;0.555377604
904;0.555572917
905;0.555595703
906;0.555621745
907;0.55569987
908;0.555830078
909;0.555914714
910;0.55593099
911;0.555917969
912;0.5559375
913;0.555872396
914;0.555791016
915;0.555667318
916;0.55569987
917;0.555657552
918;0.555592448
919;0.555745443
920;0.55577474
921;0.555797526
922;0.55585612
923;0.55601888
924;0.556113281
925;0.556171875
926;0.55624349
927;0.556282552
928;0.55639974
929;0.556376953
930;0.556526693
931;0.556500651
932;0.556819661
933;0.556943359
934;0.557018229
935;0.556936849
936;0.556813151
937;0.55694987
938;0.557109375
939;0.557086589
940;0.557301432
941;0.557402344
942;0.557503255
943;0.557685547
944;0.557796224
945;0.557763672
946;0.557809245
947;0.557958984
948;0.558085937
949;0.558382161
950;0.558232422
951;0.558248698
952;0.558382161
953;0.55843099
954;0.558404948
955;0.558447266
956;0.558662109
957;0.558639323
958;0.558632813
959;0.558808594
960;0.558701172
961;0.558577474
962;0.55860026
963;0.558714193
964;0.558850911
965;0.559029948
966;0.55906901
967;0.559101563
968;0.559235026
969;0.55929362
970;0.559394531
971;0.559375
972;0.559322917
973;0.559313151
974;0.559199219
975;0.559101563
976;0.55906901
977;0.559156901
978;0.558964844
979;0.558951823
980;0.558798828
981;0.558880208
982;0.558789063
983;0.558857422
984;0.558948568
985;0.558971354
986;0.55921875
987;0.559251302
988;0.55929362
989;0.559440104
990;0.559427083
991;0.559482422
992;0.559518229
993;0.559335938
994;0.559202474
995;0.559238281
996;0.55929362
997;0.559124349
998;0.559182943
999;0.558994141
1000;0.559049479
1001;0.558935547
1002;0.558880208
1003;0.558704427
1004;0.55858724
1005;0.558717448
1006;0.558623047
1007;0.558746745
1008;0.558655599
1009;0.558554688
1010;0.558707682
1011;0.558857422
1012;0.558785807
1013;0.558769531
1014;0.558531901
1015;0.558417969
1016;0.558193359
1017;0.558089193
1018;0.558040365
1019;0.557861328
1020;0.557786458
1021;0.55773112
1022;0.55781901
1023;0.557705078
1024;0.557750651
1025;0.557913411
1026;0.558079427
1027;0.557958984
1028;0.55796875
1029;0.558128255
1030;0.558242188
1031;0.558434245
1032;0.558541667
1033;0.558522135
1034;0.558505859
1035;0.558541667
1036;0.558417969
1037;0.558258464
1038;0.558095703
1039;0.557965495
1040;0.557763672
1041;0.5578125
1042;0.557952474
1043;0.558085938
1044;0.557952474
1045;0.55789388
1046;0.557978516
1047;0.557965495
1048;0.557623698
1049;0.557633464
1050;0.557724609
1051;0.557861328
1052;0.557786458
1053;0.557802734
1054;0.557796224
1055;0.55757487
1056;0.557522786
1057;0.557347005
1058;0.557242839
1059;0.557167969
1060;0.557128906
1061;0.557210286
1062;0.557246094
1063;0.557272135
1064;0.557412109
1065;0.557535807
1066;0.55773112
1067;0.557708333
1068;0.557630208
1069;0.55765625
1070;0.557705078
1071;0.557669271
1072;0.557516276
1073;0.55750651
1074;0.557379557
1075;0.55726888
1076;0.557210286
1077;0.557294922
1078;0.557233073
1079;0.556933594
1080;0.556982422
1081;0.556536458
1082;0.556523438
1083;0.556500651
1084;0.55641276
1085;0.556370443
1086;0.556389974
1087;0.55641276
1088;0.556402995
1089;0.556458333
1090;0.556344401
1091;0.556142578
1092;0.556031901
1093;0.555908203
1094;0.556184896
1095;0.556123047
1096;0.555966797
1097;0.556106771
1098;0.556656901
1099;0.556972656
1100;0.556969401
1101;0.557083333
1102;0.557151693
1103;0.55749349
1104;0.557705078
1105;0.557926432
1106;0.558098958
1107;0.558313802
1108;0.55828125
1109;0.558528646
1110;0.558583984
1111;0.558551432
1112;0.558551432
1113;0.558652344
1114;0.558782552
1115;0.558997396
1116;0.559033203
1117;0.559280599
1118;0.559384766
1119;0.559423828
1120;0.559446615
1121;0.55960612
1122;0.559944661
1123;0.560078125
1124;0.560205078
1125;0.560315755
1126;0.560416667
1127;0.560426432
1128;0.560794271
1129;0.56109375
1130;0.561123047
1131;0.561474609
1132;0.561549479
1133;0.561728516
1134;0.561871745
1135;0.561917318
1136;0.561953125
1137;0.562184245
1138;0.562496745
1139;0.562568359
1140;0.562861328
1141;0.562903646
1142;0.563020833
1143;0.563209635
1144;0.563111979
1145;0.563395182
1146;0.563538411
1147;0.563844401
1148;0.563629557
1149;0.563336589
1150;0.563551432
1151;0.563541667
1152;0.563723958
1153;0.563567708
1154;0.563505859
1155;0.563424479
1156;0.563365885
1157;0.563138021
1158;0.563258464
1159;0.563017578
1160;0.563037109
1161;0.563027344
1162;0.563177083
1163;0.563134766
1164;0.563212891
1165;0.562945964
1166;0.562936198
1167;0.563079427
1168;0.563085938
1169;0.563203125
1170;0.563245443
1171;0.563203125
1172;0.563053385
1173;0.563173828
1174;0.563157552
1175;0.563154297
1176;0.563170573
1177;0.563076172
1178;0.562998047
1179;0.562864583
1180;0.562913411
1181;0.562789714
1182;0.562718099
1183;0.562633464
1184;0.562783203
1185;0.562884115
1186;0.562955729
1187;0.562949219
1188;0.562776693
1189;0.562926432
1190;0.562994792
1191;0.56311849
1192;0.563085938
1193;0.562932943
1194;0.563040365
1195;0.562750651
1196;0.562763672
1197;0.562516276
1198;0.562356771
1199;0.562363281
1200;0.562526042
1201;0.562568359
1202;0.562565104
1203;0.562600911
1204;0.562714844
1205;0.562861328
1206;0.563138021
1207;0.563382161
1208;0.563590495
1209;0.563746745
1210;0.563821615
1211;0.563909505
1212;0.564108073
1213;0.564254557
1214;0.564319661
1215;0.564414062
1216;0.564518229
1217;0.564335937
1218;0.564514974
1219;0.564492187
1220;0.56453125
1221;0.564677734
1222;0.565003255
1223;0.565009766
1224;0.565227865
1225;0.565221354
1226;0.565133464
1227;0.565332031
1228;0.565299479
1229;0.565485026
1230;0.565478516
1231;0.565481771
1232;0.565598958
1233;0.565794271
1234;0.565843099
1235;0.56585612
1236;0.565940755
1237;0.566015625
1238;0.566188151
1239;0.566188151
1240;0.566126302
1241;0.566194661
1242;0.566435547
1243;0.566526693
1244;0.566494141
1245;0.566735026
1246;0.566917318
1247;0.567161458
1248;0.567382812
1249;0.567545573
1250;0.567294922
1251;0.567242839
1252;0.567242839
1253;0.567278646
1254;0.567304687
1255;0.567272135
1256;0.567001953
1257;0.566940104
1258;0.566835937
1259;0.566897786
1260;0.566767578
1261;0.56679362
1262;0.566497396
1263;0.566188151
1264;0.565957031
1265;0.566044922
1266;0.566136068
1267;0.566171875
1268;0.566041667
1269;0.566181641
1270;0.566132813
1271;0.566158854
1272;0.565957031
1273;0.565927734
1274;0.56577474
1275;0.565859375
1276;0.566064453
1277;0.565976563
1278;0.565983073
1279;0.565794271
1280;0.565891927
1281;0.566155599
1282;0.566113281
1283;0.565914714
1284;0.565540365
1285;0.565478516
1286;0.565205078
1287;0.565325521
1288;0.565361328
1289;0.565410156
1290;0.565488281
1291;0.56546224
1292;0.565205078
1293;0.565175781
1294;0.565309245
1295;0.565211589
1296;0.564944661
1297;0.564775391
1298;0.564749349
1299;0.564804688
1300;0.564879557
1301;0.56469401
1302;0.564733073
1303;0.564541016
1304;0.564488932
1305;0.564541016
1306;0.564586589
1307;0.564557292
1308;0.564645182
1309;0.56453125
1310;0.564755859
1311;0.564775391
1312;0.564700521
1313;0.564814453
1314;0.564853516
1315;0.564638672
1316;0.564472656
1317;0.564257813
1318;0.564391276
1319;0.564052734
1320;0.56422526
1321;0.564254557
1322;0.564147135
1323;0.564254557
1324;0.564309896
1325;0.564427083
1326;0.564326172
1327;0.564482422
1328;0.564488932
1329;0.564430339
1330;0.564316406
1331;0.564163411
1332;0.564117839
1333;0.564036458
1334;0.564401042
1335;0.56461263
1336;0.564840495
1337;0.5646875
1338;0.564557292
1339;0.564550781
1340;0.564654948
1341;0.56483724
1342;0.565003255
1343;0.565253906
1344;0.565292969
1345;0.565341797
1346;0.565449219
1347;0.565585938
1348;0.565800781
1349;0.565908203
1350;0.565748698
1351;0.565973307
1352;0.565966797
1353;0.566067708
1354;0.566142578
1355;0.566025391
1356;0.566139323
1357;0.566432292
1358;0.566474609
1359;0.56671224
1360;0.566591797
1361;0.566529948
1362;0.566748047
1363;0.566871745
1364;0.56695638
1365;0.567021484
1366;0.567148438
1367;0.567207031
1368;0.567119141
1369;0.567405599
1370;0.567399089
1371;0.567330729
1372;0.567451172
1373;0.567213542
1374;0.567115885
1375;0.567210286
1376;0.567122396
1377;0.56679362
1378;0.566855469
1379;0.566979167
1380;0.566878255
1381;0.566985677
1382;0.56679362
1383;0.566992187
1384;0.56680013
1385;0.566578776
1386;0.566471354
1387;0.566474609
1388;0.566468099
1389;0.566516927
1390;0.566402995
1391;0.566236979
1392;0.566223958
1393;0.566223958
1394;0.566204427
1395;0.566145833
1396;0.566204427
1397;0.565992839
1398;0.565696615
1399;0.565686849
1400;0.565804036
1401;0.565686849
1402;0.565348307
1403;0.565338542
1404;0.565309245
1405;0.565423177
1406;0.565452474
1407;0.565403646
1408;0.565133464
1409;0.564938151
1410;0.564944661
1411;0.565039062
1412;0.565052083
1413;0.565211589
1414;0.565335286
1415;0.565498047
1416;0.565524089
1417;0.565498047
1418;0.56539388
1419;0.565481771
1420;0.565410156
1421;0.565260417
1422;0.565250651
1423;0.565276693
1424;0.565449219
1425;0.565266927
1426;0.565270182
1427;0.565485026
1428;0.565348307
1429;0.56546224
1430;0.565634766
1431;0.565419922
1432;0.565439453
1433;0.565374349
1434;0.565335286
1435;0.565429688
1436;0.565485026
1437;0.565501302
1438;0.565491536
1439;0.565328776
1440;0.565299479
1441;0.565390625
1442;0.565507813
1443;0.565367839
1444;0.565289714
1445;0.565332031
1446;0.56538737
1447;0.565488281
1448;0.56570638
1449;0.565621745
1450;0.565758464
1451;0.565895182
1452;0.56624349
1453;0.566149089
1454;0.566184896
1455;0.565895182
1456;0.565748698
1457;0.565703125
1458;0.565875651
1459;0.565973307
1460;0.566064453
1461;0.566214193
1462;0.566077474
1463;0.565960286
1464;0.565970052
1465;0.566149089
1466;0.566272786
1467;0.566523438
1468;0.566692708
1469;0.566660156
1470;0.566894531
1471;0.567239583
1472;0.567373047
1473;0.567659505
1474;0.567770182
1475;0.567714844
1476;0.568024089
1477;0.568154297
1478;0.568401693
1479;0.568378906
1480;0.568440755
1481;0.568636068
1482;0.568942057
1483;0.568694661
1484;0.568932292
1485;0.569111328
1486;0.569169922
1487;0.569296875
1488;0.569459635
1489;0.569622396
1490;0.569433594
1491;0.569544271
1492;0.569544271
1493;0.569514974
1494;0.56945638
1495;0.569394531
1496;0.569475911
1497;0.56968099
1498;0.569427083
1499;0.569420573
1500;0.569443359
1501;0.569306641
1502;0.569046224
1503;0.569391276
1504;0.569254557
1505;0.56976237
1506;0.569892578
1507;0.569931641
1508;0.569938151
1509;0.570172526
1510;0.570351563
1511;0.570338542
1512;0.570328776
1513;0.570332031
1514;0.570276693
1515;0.570084635
1516;0.57008138
1517;0.570286458
1518;0.570266927
1519;0.570292969
1520;0.57
1521;0.569977214
1522;0.569775391
1523;0.569635417
1524;0.569586589
1525;0.569664714
1526;0.569557292
1527;0.569446615
1528;0.569264323
1529;0.569352214
1530;0.569355469
1531;0.569248047
1532;0.569274089
1533;0.569544271
1534;0.569501953
1535;0.569563802
1536;0.569654948
1537;0.569423828
1538;0.569557292
1539;0.56953125
1540;0.569892578
1541;0.569915365
1542;0.570009766
1543;0.570042318
1544;0.570094401
1545;0.570257161
1546;0.570361328
1547;0.570351563
1548;0.570432943
1549;0.570436198
1550;0.570266927
1551;0.570419922
1552;0.570615234
1553;0.570426432
1554;0.57046224
1555;0.570234375
1556;0.570211589
1557;0.57023763
1558;0.570266927
1559;0.570110677
1560;0.570013021
1561;0.569944661
1562;0.57023112
1563;0.570315755
1564;0.570332031
1565;0.570423177
1566;0.570380859
1567;0.570139974
1568;0.570198568
1569;0.570374349
1570;0.570358073
1571;0.570374349
1572;0.570341797
1573;0.570247396
1574;0.570221354
1575;0.570172526
1576;0.570133464
1577;0.570169271
1578;0.570345052
1579;0.570289714
1580;0.570247396
1581;0.570276693
1582;0.570123698
1583;0.570218099
1584;0.57015625
1585;0.570071615
1586;0.570019531
1587;0.570146484
1588;0.56976237
1589;0.569518229
1590;0.569371745
1591;0.569026693
1592;0.568776042
1593;0.568805339
1594;0.56874349
1595;0.568411458
1596;0.568242188
1597;0.567903646
1598;0.567685547
1599;0.567558594
1600;0.567724609
1601;0.567584635
1602;0.567470703
1603;0.567353516
1604;0.567298177
1605;0.567125651
1606;0.566907552
1607;0.566578776
1608;0.566526693
1609;0.566266276
1610;0.566083984
1611;0.565859375
1612;0.565605469
1613;0.565566406
1614;0.5653125
1615;0.564960938
1616;0.564729818
1617;0.56453776
1618;0.564514974
1619;0.56421875
1620;0.564339193
1621;0.564020182
1622;0.563929036
1623;0.56398112
1624;0.563844401
1625;0.563746745
1626;0.563642578
1627;0.563557943
1628;0.563476563
1629;0.563294271
1630;0.563385417
1631;0.563304036
1632;0.563346354
1633;0.563147786
1634;0.562978516
1635;0.562789714
1636;0.562763672
1637;0.56266276
1638;0.562718099
1639;0.562874349
1640;0.56266276
1641;0.562727865
1642;0.5625
1643;0.562382813
1644;0.562532552
1645;0.562692057
1646;0.562623698
1647;0.56266276
1648;0.562952474
1649;0.563017578
1650;0.563014323
1651;0.563056641
1652;0.563111979
1653;0.563313802
1654;0.563284505
1655;0.563349609
1656;0.56344401
1657;0.56358724
1658;0.56351888
1659;0.563496094
1660;0.56366862
1661;0.563727214
1662;0.563759766
1663;0.563671875
1664;0.563860677
1665;0.563964844
1666;0.564082031
1667;0.563916016
1668;0.563867188
1669;0.56383138
1670;0.56383138
1671;0.56375651
1672;0.563873698
1673;0.563834635
1674;0.563763021
1675;0.563727214
1676;0.563746745
1677;0.56375651
1678;0.563522135
1679;0.56358724
1680;0.563235677
1681;0.563349609
1682;0.563313802
1683;0.563258464
1684;0.563193359
1685;0.563183594
1686;0.563336589
1687;0.563531901
1688;0.563479818
1689;0.563567708
1690;0.563694661
1691;0.563863932
1692;0.564075521
1693;0.564287109
1694;0.56430013
1695;0.564248047
1696;0.564186198
1697;0.56430013
1698;0.564189453
1699;0.564169922
1700;0.564117839
1701;0.564163411
1702;0.564231771
1703;0.564248047
1704;0.564475911
1705;0.564335938
1706;0.564329427
1707;0.564319661
1708;0.564527995
1709;0.564505208
1710;0.564290365
1711;0.564205729
1712;0.564163411
1713;0.564179688
1714;0.564186198
1715;0.564153646
1716;0.563942057
1717;0.564182943
1718;0.56406901
1719;0.563942057
1720;0.563857422
1721;0.564075521
1722;0.564010417
1723;0.564036458
1724;0.564088542
1725;0.564033203
1726;0.563880208
1727;0.563714193
1728;0.563834635
1729;0.563785807
1730;0.56390625
1731;0.563642578
1732;0.563388672
1733;0.563427734
1734;0.563544922
1735;0.563606771
1736;0.563277995
1737;0.563170573
1738;0.563343099
1739;0.563209635
1740;0.563177083
1741;0.563147786
1742;0.56297526
1743;0.562750651
1744;0.562373047
1745;0.562281901
1746;0.562333984
1747;0.562327474
1748;0.562431641
1749;0.562431641
1750;0.562327474
1751;0.562281901
1752;0.562259115
1753;0.5621875
1754;0.561959635
1755;0.562070313
1756;0.562102865
1757;0.562080078
1758;0.561809896
1759;0.561819661
1760;0.561878255
1761;0.561979167
1762;0.562109375
1763;0.56203776
1764;0.562050781
1765;0.562096354
1766;0.562220052
1767;0.562080078
1768;0.562050781
1769;0.562132161
1770;0.56210612
1771;0.562054036
1772;0.562115885
1773;0.562096354
1774;0.56202474
1775;0.562063802
1776;0.561962891
1777;0.561988932
1778;0.562086589
1779;0.561946615
1780;0.561914063
1781;0.561940104
1782;0.562115885
1783;0.562184245
1784;0.562255859
1785;0.562184245
1786;0.562067057
1787;0.562047526
1788;0.561979167
1789;0.561894531
1790;0.561858724
1791;0.561708984
1792;0.561940104
1793;0.56188151
1794;0.56203125
1795;0.562171224
1796;0.562233073
1797;0.562236328
1798;0.562259115
1799;0.562356771
1800;0.562421875
1801;0.562174479
1802;0.562014974
1803;0.561953125
1804;0.561930339
1805;0.562119141
1806;0.562145182
1807;0.562154948
1808;0.562369792
1809;0.562519531
1810;0.562535807
1811;0.562552083
1812;0.562431641
1813;0.562460938
1814;0.562249349
1815;0.562145182
1816;0.562148438
1817;0.562320964
1818;0.562379557
1819;0.562516276
1820;0.562539062
1821;0.562467448
1822;0.562408854
1823;0.562154948
1824;0.562197266
1825;0.562207031
1826;0.562278646
1827;0.562399089
1828;0.562236328
1829;0.56233724
1830;0.562447917
1831;0.562610677
1832;0.562620443
1833;0.562347005
1834;0.562272135
1835;0.562135417
1836;0.562265625
1837;0.562154948
1838;0.562158203
1839;0.562203776
1840;0.562438151
1841;0.562363281
1842;0.56226237
1843;0.562164714
1844;0.562379557
1845;0.562294922
1846;0.562184245
1847;0.5621875
1848;0.562041016
1849;0.561803385
1850;0.561741536
1851;0.561979167
1852;0.562041016
1853;0.562070313
1854;0.562067057
1855;0.561835937
1856;0.561699219
1857;0.561656901
1858;0.561582031
1859;0.561438802
1860;0.56140625
1861;0.561370443
1862;0.561432292
1863;0.561402995
1864;0.561494141
1865;0.561669922
1866;0.561533203
1867;0.561315104
1868;0.56133138
1869;0.56108724
1870;0.561038411
1871;0.561035156
1872;0.561207682
1873;0.561194661
1874;0.561178385
1875;0.561220703
1876;0.561305339
1877;0.561305339
1878;0.561360677
1879;0.561516927
1880;0.561526693
1881;0.561500651
1882;0.561630859
1883;0.561819661
1884;0.56188151
1885;0.561822917
1886;0.561894531
1887;0.561770833
1888;0.561790365
1889;0.561861979
1890;0.561676432
1891;0.561630859
1892;0.561650391
1893;0.561728516
1894;0.561663411
1895;0.561822917
1896;0.561832682
1897;0.561777344
1898;0.561816406
1899;0.561891276
1900;0.561917318
1901;0.561878255
1902;0.561940104
1903;0.561855469
1904;0.561966146
1905;0.561979167
1906;0.56210612
1907;0.562115885
1908;0.562102865
1909;0.562099609
1910;0.562089844
1911;0.562151693
1912;0.562135417
1913;0.562197266
1914;0.562216797
1915;0.562054036
1916;0.56211263
1917;0.562141927
1918;0.56195638
1919;0.562034505
1920;0.561985677
1921;0.561988932
1922;0.561845703
1923;0.561966146
1924;0.561865234
1925;0.561943359
1926;0.561829427
1927;0.561891276
1928;0.561901042
1929;0.561832682
1930;0.561770833
1931;0.561748047
1932;0.561559245
1933;0.561425781
1934;0.561396484
1935;0.561523438
1936;0.56155599
1937;0.561839193
1938;0.561666667
1939;0.561617839
1940;0.561585286
1941;0.56180013
1942;0.561728516
1943;0.561731771
1944;0.561513672
1945;0.561474609
1946;0.561503906
1947;0.561464844
1948;0.561396484
1949;0.561533203
1950;0.561464844
1951;0.561416016
1952;0.561328125
1953;0.561422526
1954;0.561435547
1955;0.561354167
1956;0.56133138
1957;0.561432292
1958;0.561341146
1959;0.561305339
1960;0.561295573
1961;0.561126302
1962;0.561044922
1963;0.56101888
1964;0.560966797
1965;0.561022135
1966;0.561064453
1967;0.560989583
1968;0.561142578
1969;0.561188151
1970;0.561165365
1971;0.561057943
1972;0.560976563
1973;0.560950521
1974;0.561035156
1975;0.560761719
1976;0.560865885
1977;0.560800781
1978;0.560722656
1979;0.560641276
1980;0.560641276
1981;0.560712891
1982;0.560667318
1983;0.560826823
1984;0.560758464
1985;0.56078125
1986;0.560830078
1987;0.560810547
1988;0.56093099
1989;0.561038411
1990;0.561097005
1991;0.5609375
1992;0.560895182
1993;0.561038411
1994;0.561048177
1995;0.561022135
1996;0.560960286
1997;0.561038411
1998;0.561077474
1999;0.560963542
2000;0.561025391
2001;0.561067708
2002;0.56108724
2003;0.56124349
2004;0.561155599
2005;0.561376953
2006;0.561210938
2007;0.561064453
2008;0.561123047
2009;0.561266276
2010;0.561298828
2011;0.561223958
2012;0.561276042
2013;0.561227214
2014;0.561181641
2015;0.561318359
2016;0.56133138
2017;0.561640625
2018;0.561611328
2019;0.561604818
2020;0.561510417
2021;0.561647135
2022;0.561656901
2023;0.561822917
2024;0.561751302
2025;0.562115885
2026;0.562167969
2027;0.562076823
2028;0.56195638
2029;0.562044271
2030;0.562005208
2031;0.561943359
2032;0.56210612
2033;0.561982422
2034;0.562034505
2035;0.561930339
2036;0.561884766
2037;0.561744792
2038;0.56172526
2039;0.561575521
2040;0.561650391
2041;0.561715495
2042;0.56188151
2043;0.561888021
2044;0.562099609
2045;0.562285156
2046;0.562392578
2047;0.562272135
2048;0.562294922
2049;0.562490234
2050;0.562379557
2051;0.56242513
2052;0.562513021
2053;0.562382813
2054;0.562236328
2055;0.562200521
2056;0.562324219
2057;0.562347005
2058;0.562294922
2059;0.562259115
2060;0.562213542
2061;0.562307943
2062;0.562415365
2063;0.562561849
2064;0.562718099
2065;0.562558594
2066;0.562444661
2067;0.562255859
2068;0.562340495
2069;0.562317708
2070;0.562460938
2071;0.562363281
2072;0.562415365
2073;0.562545573
2074;0.562545573
2075;0.562379557
2076;0.562252604
2077;0.56233724
2078;0.562483724
2079;0.562389323
2080;0.562480469
2081;0.562587891
2082;0.562467448
2083;0.562526042
2084;0.562535807
2085;0.562604167
2086;0.562617188
2087;0.562701823
2088;0.562692057
2089;0.562701823
2090;0.562666016
2091;0.56266276
2092;0.562620443
2093;0.562526042
2094;0.562402344
2095;0.562154948
2096;0.561936849
2097;0.561943359
2098;0.561754557
2099;0.561484375
2100;0.561477865
2101;0.561513672
2102;0.561360677
2103;0.561305339
2104;0.561402995
2105;0.561285807
2106;0.561132813
2107;0.561217448
2108;0.56125651
2109;0.561149089
2110;0.561223958
2111;0.561344401
2112;0.561282552
2113;0.561080729
2114;0.560986328
2115;0.56101237
2116;0.561028646
2117;0.561207682
2118;0.561158854
2119;0.561197917
2120;0.56125651
2121;0.561276042
2122;0.561246745
2123;0.561031901
2124;0.561038411
2125;0.561142578
2126;0.561269531
2127;0.561344401
2128;0.561503906
2129;0.561604818
2130;0.561559245
2131;0.561435547
2132;0.561464844
2133;0.561383464
2134;0.561416016
2135;0.561552734
2136;0.561442057
2137;0.561360677
2138;0.561402995
2139;0.561344401
2140;0.561223958
2141;0.561363932
2142;0.561123047
2143;0.561123047
2144;0.561132813
2145;0.561064453
2146;0.561276042
2147;0.561383464
2148;0.561673177
2149;0.561884766
2150;0.561842448
2151;0.561653646
2152;0.561660156
2153;0.561686198
2154;0.56164388
2155;0.561611328
2156;0.561754557
2157;0.561585286
2158;0.56156901
2159;0.561722005
2160;0.561575521
2161;0.561497396
2162;0.561497396
2163;0.561621094
2164;0.5615625
2165;0.561604818
2166;0.561526693
2167;0.561354167
2168;0.561263021
2169;0.561223958
2170;0.561155599
2171;0.561223958
2172;0.561373698
2173;0.56140625
2174;0.561494141
2175;0.561474609
2176;0.561533203
2177;0.561477865
2178;0.561302083
2179;0.561158854
2180;0.561009115
2181;0.561048177
2182;0.561129557
2183;0.561149089
2184;0.56117513
2185;0.561044922
2186;0.56101237
2187;0.561110026
2188;0.561158854
2189;0.561149089
2190;0.561184896
2191;0.561054688
2192;0.561289063
2193;0.561259766
2194;0.561067708
2195;0.561272786
2196;0.561321615
2197;0.561416016
2198;0.561227214
2199;0.561145833
2200;0.561380208
2201;0.561513672
2202;0.561614583
2203;0.561699219
2204;0.561907552
2205;0.561904297
2206;0.561923828
2207;0.562047526
2208;0.561936849
2209;0.562014974
2210;0.562047526
2211;0.562050781
2212;0.562008464
2213;0.56195638
2214;0.561985677
2215;0.561995443
2216;0.562366536
2217;0.56226888
2218;0.562327474
2219;0.56241862
2220;0.56250651
2221;0.562477214
2222;0.562281901
2223;0.562265625
2224;0.562281901
2225;0.56226888
2226;0.562141927
2227;0.562216797
2228;0.562200521
2229;0.562382813
2230;0.562304688
2231;0.562366536
2232;0.562434896
2233;0.562431641
2234;0.562246094
2235;0.562317708
2236;0.562392578
2237;0.562415365
2238;0.562363281
2239;0.562373047
2240;0.562408854
2241;0.562477214
2242;0.562382813
2243;0.56235026
2244;0.562457682
2245;0.562428385
2246;0.562278646
2247;0.562099609
2248;0.56218099
2249;0.562080078
2250;0.561992188
2251;0.562067057
2252;0.562164714
2253;0.562073568
2254;0.562047526
2255;0.56210612
2256;0.562132161
2257;0.562001953
2258;0.562203776
2259;0.562067057
2260;0.562083333
2261;0.561998698
2262;0.561930339
2263;0.56194987
2264;0.562008464
2265;0.561966146
2266;0.561783854
2267;0.56203776
2268;0.561966146
2269;0.561946615
2270;0.561803385
2271;0.561884766
2272;0.561975911
2273;0.561923828
2274;0.56179362
2275;0.561813151
2276;0.561910807
2277;0.561806641
2278;0.561816406
2279;0.561692708
2280;0.561888021
2281;0.561803385
2282;0.561634115
2283;0.561741536
2284;0.561894531
2285;0.561774089
2286;0.561650391
2287;0.561774089
2288;0.56180013
2289;0.561897786
2290;0.561888021
2291;0.561813151
2292;0.561754557
2293;0.561845703
2294;0.561979167
2295;0.561946615
2296;0.561953125
2297;0.562041016
2298;0.561946615
2299;0.562018229
2300;0.562027995
2301;0.562050781
2302;0.561946615
2303;0.561966146
2304;0.56194987
2305;0.561920573
2306;0.561871745
2307;0.562054036
2308;0.561982422
2309;0.561995443
2310;0.561966146
2311;0.562213542
2312;0.562281901
2313;0.562216797
2314;0.562119141
2315;0.562210286
2316;0.562255859
2317;0.562255859
2318;0.562412109
2319;0.562353516
2320;0.562298177
2321;0.562304688
2322;0.562252604
2323;0.56203125
2324;0.5621875
2325;0.562008464
2326;0.561966146
2327;0.561923828
2328;0.561966146
2329;0.561878255
2330;0.561930339
2331;0.561979167
2332;0.561923828
2333;0.561888021
2334;0.561845703
2335;0.561917318
2336;0.561985677
2337;0.561774089
2338;0.561653646
2339;0.561686198
2340;0.561624349
2341;0.56171875
2342;0.561708984
2343;0.561627604
2344;0.561572266
2345;0.561546224
2346;0.561507161
2347;0.561451823
2348;0.561595052
2349;0.561552734
2350;0.561438802
2351;0.561383464
2352;0.561285807
2353;0.561158854
2354;0.561106771
2355;0.561142578
2356;0.561090495
2357;0.560979818
2358;0.561009115
2359;0.560996094
2360;0.561048177
2361;0.560940755
2362;0.561028646
2363;0.561158854
2364;0.561083984
2365;0.560999349
2366;0.560908203
2367;0.560768229
2368;0.560686849
2369;0.560670573
2370;0.560683594
2371;0.560696615
2372;0.560693359
2373;0.560979818
2374;0.560914714
2375;0.561028646
2376;0.561025391
2377;0.561097005
2378;0.561197917
2379;0.561240234
2380;0.561220703
2381;0.561158854
2382;0.561311849
2383;0.561217448
2384;0.561269531
2385;0.561370443
2386;0.561471354
2387;0.561539714
2388;0.561624349
2389;0.561621094
2390;0.561699219
2391;0.561582031
2392;0.561689453
2393;0.561855469
2394;0.561946615
2395;0.562018229
2396;0.561988932
2397;0.562021484
2398;0.56195638
2399;0.562083333
2400;0.562119141
2401;0.561962891
2402;0.56211263
2403;0.562197266
2404;0.562408854
2405;0.562317708
2406;0.56242513
2407;0.562447917
2408;0.562428385
2409;0.562421875
2410;0.562379557
2411;0.56249349
2412;0.562464193
2413;0.562311198
2414;0.562408854
2415;0.562347005
2416;0.562363281
2417;0.562373047
2418;0.562395833
2419;0.562412109
2420;0.562490234
2421;0.56234375
2422;0.562324219
2423;0.562285156
2424;0.562301432
2425;0.562324219
2426;0.562317708
2427;0.562285156
2428;0.562246094
2429;0.562255859
2430;0.562223307
2431;0.562255859
2432;0.562229818
2433;0.56226888
2434;0.56219401
2435;0.561988932
2436;0.561995443
2437;0.561858724
2438;0.561728516
2439;0.561604818
2440;0.561494141
2441;0.561510417
2442;0.561419271
2443;0.561334635
2444;0.561370443
2445;0.56125
2446;0.561233724
2447;0.561285807
2448;0.561165365
2449;0.561145833
2450;0.561119792
2451;0.561302083
2452;0.561236979
2453;0.561266276
2454;0.560983073
2455;0.561041667
2456;0.56109375
2457;0.560989583
2458;0.560924479
2459;0.560953776
2460;0.561025391
2461;0.560966797
2462;0.560849609
2463;0.560914714
2464;0.560885417
2465;0.561090495
2466;0.561048177
2467;0.561220703
2468;0.561223958
2469;0.561152344
2470;0.561197917
2471;0.561217448
2472;0.561201172
2473;0.561162109
2474;0.561155599
2475;0.561162109
2476;0.561266276
2477;0.561292318
2478;0.561152344
2479;0.561315104
2480;0.561360677
2481;0.561305339
2482;0.561370443
2483;0.561367188
2484;0.561269531
2485;0.561321615
2486;0.561217448
2487;0.56140625
2488;0.561588542
2489;0.561611328
2490;0.561764323
2491;0.561767578
2492;0.561842448
2493;0.561907552
2494;0.56172526
2495;0.561663411
2496;0.561640625
2497;0.561663411
2498;0.561748047
2499;0.561689453
2500;0.561816406
2501;0.561774089
2502;0.561861979
2503;0.561829427
2504;0.561858724
2505;0.562008464
2506;0.561816406
2507;0.561865234
2508;0.562011719
2509;0.561940104
2510;0.561888021
2511;0.561871745
2512;0.562044271
2513;0.562021484
2514;0.56211263
2515;0.561966146
2516;0.561962891
2517;0.561761068
2518;0.56186849
2519;0.561995443
2520;0.562125651
2521;0.562054036
2522;0.562132161
2523;0.562301432
2524;0.562333984
2525;0.562470703
2526;0.562317708
2527;0.562402344
2528;0.562529297
2529;0.56249349
2530;0.562509766
2531;0.562539063
2532;0.562568359
2533;0.562672526
2534;0.562815755
2535;0.563024089
2536;0.563053385
2537;0.56304362
2538;0.562942708
2539;0.562867839
2540;0.56280599
2541;0.562874349
2542;0.562926432
2543;0.562724609
2544;0.562695313
2545;0.562906901
2546;0.562952474
2547;0.562854818
2548;0.562740885
2549;0.562711589
2550;0.562607422
2551;0.562539063
2552;0.56235026
2553;0.562311198
2554;0.562291667
2555;0.562373047
2556;0.56250651
2557;0.562532552
2558;0.562434896
2559;0.56249349
2560;0.562636719
2561;0.562623698
2562;0.562490234
2563;0.5625
2564;0.562539063
2565;0.562571615
2566;0.56250651
2567;0.562666016
2568;0.562558594
2569;0.562516276
2570;0.562519531
2571;0.562548828
2572;0.562571615
2573;0.562509766
2574;0.562600911
2575;0.562486979
2576;0.562552083
2577;0.562578125
2578;0.56250651
2579;0.562470703
2580;0.562558594
2581;0.562480469
2582;0.56233724
2583;0.56241862
2584;0.562464193
2585;0.56234375
2586;0.56241862
2587;0.562366536
2588;0.562643229
2589;0.562848307
2590;0.56280599
2591;0.56281901
2592;0.5628125
2593;0.562942708
2594;0.56311849
2595;0.562910156
2596;0.562919922
2597;0.562945964
2598;0.563160807
2599;0.563219401
2600;0.563473307
2601;0.563544922
2602;0.563658854
2603;0.563717448
2604;0.563857422
2605;0.563785807
2606;0.563577474
2607;0.563636068
2608;0.563548177
2609;0.563525391
2610;0.563476563
2611;0.563492839
2612;0.563531901
2613;0.563535156
2614;0.563574219
2615;0.563567708
2616;0.563805339
2617;0.563688151
2618;0.563772786
2619;0.563701172
2620;0.563486328
2621;0.563509115
2622;0.563632812
2623;0.563662109
2624;0.563561198
2625;0.563499349
2626;0.563398437
2627;0.563375651
2628;0.563372396
2629;0.563466797
2630;0.563336589
2631;0.563382161
2632;0.563271484
2633;0.563186849
2634;0.563128255
2635;0.563157552
2636;0.56304362
2637;0.562923177
2638;0.56273763
2639;0.562682292
2640;0.562679036
2641;0.562760417
2642;0.562900391
2643;0.562945964
2644;0.56296875
2645;0.562988281
2646;0.563085938
2647;0.563066406
2648;0.56305013
2649;0.563020833
2650;0.562796224
2651;0.562822266
2652;0.562786458
2653;0.562734375
2654;0.56264974
2655;0.56273112
2656;0.562845052
2657;0.562910156
2658;0.563098958
2659;0.563095703
2660;0.563066406
2661;0.563076172
2662;0.563242188
2663;0.563307292
2664;0.563291016
2665;0.56343099
2666;0.563346354
2667;0.563326823
2668;0.56320638
2669;0.563401693
2670;0.563411458
2671;0.56360026
2672;0.563492839
2673;0.563619792
2674;0.563551432
2675;0.563570964
2676;0.563704427
2677;0.563616536
2678;0.563662109
2679;0.56366862
2680;0.563662109
2681;0.563769531
2682;0.563834635
2683;0.563714193
2684;0.563795573
2685;0.563759766
2686;0.56382487
2687;0.56391276
2688;0.563759766
2689;0.563785807
2690;0.563886719
2691;0.563717448
2692;0.563574219
2693;0.56351237
2694;0.563375651
2695;0.563470052
2696;0.563554687
2697;0.563421224
2698;0.563440755
2699;0.563496094
2700;0.563457031
2701;0.563434245
2702;0.563457031
2703;0.563502604
2704;0.563538411
2705;0.563424479
2706;0.563476562
2707;0.563417969
2708;0.563297526
2709;0.563388672
2710;0.563515625
2711;0.563525391
2712;0.563255208
2713;0.563271484
2714;0.563291016
2715;0.563121745
2716;0.563173828
2717;0.563232422
2718;0.563372396
2719;0.56320638
2720;0.563134766
2721;0.563108724
2722;0.563095703
2723;0.562845052
2724;0.56305013
2725;0.563105469
2726;0.563085937
2727;0.563177083
2728;0.563147786
2729;0.563056641
2730;0.56319987
2731;0.562998047
2732;0.563102214
2733;0.563157552
2734;0.563082682
2735;0.563255208
2736;0.563421224
2737;0.563317057
2738;0.563300781
2739;0.563300781
2740;0.563310547
2741;0.563391927
2742;0.563427734
2743;0.563486328
2744;0.563570964
2745;0.563486328
2746;0.56336263
2747;0.563662109
2748;0.563649089
2749;0.563658854
2750;0.563766276
2751;0.563746745
2752;0.563688151
2753;0.563854167
2754;0.563886719
2755;0.563850911
2756;0.563948568
2757;0.564029948
2758;0.564042969
2759;0.564010417
2760;0.564000651
2761;0.564052734
2762;0.564313151
2763;0.564459635
2764;0.564375
2765;0.564479167
2766;0.564342448
2767;0.564462891
2768;0.56445638
2769;0.564550781
2770;0.564707031
2771;0.564479167
2772;0.564345703
2773;0.564488932
2774;0.564205729
2775;0.564124349
2776;0.56414388
2777;0.564179687
2778;0.564195964
2779;0.564182943
2780;0.563990885
2781;0.564215495
2782;0.564163411
2783;0.564095052
2784;0.564052734
2785;0.56398763
2786;0.564010417
2787;0.564222005
2788;0.564361979
2789;0.564352214
2790;0.564378255
2791;0.564423828
2792;0.564544271
2793;0.564635417
2794;0.564589844
2795;0.564713542
2796;0.564749349
2797;0.56445638
2798;0.564261068
2799;0.564160156
2800;0.564059245
2801;0.564029948
2802;0.563997396
2803;0.563785807
2804;0.563707682
2805;0.563723958
2806;0.563701172
2807;0.563564453
2808;0.563577474
2809;0.563466797
2810;0.563336589
2811;0.563398438
2812;0.563190104
2813;0.563082682
2814;0.563121745
2815;0.563059896
2816;0.563079427
2817;0.562942708
2818;0.562936198
2819;0.562858073
2820;0.562786458
2821;0.562932943
2822;0.563027344
2823;0.562932943
2824;0.563164063
2825;0.563238932
2826;0.56305013
2827;0.562972005
2828;0.562942708
2829;0.562802734
2830;0.56288737
2831;0.562779948
2832;0.562815755
2833;0.562981771
2834;0.563011068
2835;0.562835286
2836;0.562548828
2837;0.56241862
2838;0.562376302
2839;0.562353516
2840;0.562301432
2841;0.562298177
2842;0.562080078
2843;0.561995443
2844;0.562083333
2845;0.562125651
2846;0.562138672
2847;0.562301432
2848;0.562480469
2849;0.562639974
2850;0.562552083
2851;0.562516276
2852;0.562587891
2853;0.562594401
2854;0.562626953
2855;0.562587891
2856;0.562373047
2857;0.562561849
2858;0.56258138
2859;0.562643229
2860;0.562646484
2861;0.56235026
2862;0.562421875
2863;0.562327474
2864;0.562145182
2865;0.562154948
2866;0.56235026
2867;0.562513021
2868;0.562464193
2869;0.56266276
2870;0.562757161
2871;0.56280599
2872;0.562783203
2873;0.562832031
2874;0.562698568
2875;0.562750651
2876;0.562825521
2877;0.562744141
2878;0.56257487
2879;0.562721354
2880;0.56288737
2881;0.562955729
2882;0.562916667
2883;0.562675781
2884;0.562718099
2885;0.562916667
2886;0.562884115
2887;0.562884115
2888;0.563017578
2889;0.563082682
2890;0.563059896
2891;0.563069661
2892;0.563245443
2893;0.563222656
2894;0.563193359
2895;0.563105469
2896;0.563033854
2897;0.563183594
2898;0.563229167
2899;0.563082682
2900;0.563294271
2901;0.56327474
2902;0.563378906
2903;0.563525391
2904;0.563574219
2905;0.563619792
2906;0.563710938
2907;0.563753255
2908;0.563841146
2909;0.563844401
2910;0.563759766
2911;0.563714193
2912;0.563821615
2913;0.563671875
2914;0.563994141
2915;0.563938802
2916;0.563837891
2917;0.563665365
2918;0.563616536
2919;0.563411458
2920;0.563590495
2921;0.563382161
2922;0.563411458
2923;0.563483073
2924;0.563567708
2925;0.56344401
2926;0.563603516
2927;0.563808594
2928;0.56398112
2929;0.564023438
2930;0.563802083
2931;0.563834635
2932;0.563977865
2933;0.56414388
2934;0.564173177
2935;0.563990885
2936;0.564251302
2937;0.564391276
2938;0.564238281
2939;0.564176432
2940;0.564287109
2941;0.564290365
2942;0.564176432
2943;0.564365234
2944;0.564254557
2945;0.564427083
2946;0.564414063
2947;0.564329427
2948;0.564267578
2949;0.564352214
2950;0.564316406
2951;0.564274089
2952;0.564228516
2953;0.564235026
2954;0.564127604
2955;0.564111328
2956;0.564205729
2957;0.564117839
2958;0.564169922
2959;0.564329427
2960;0.564609375
2961;0.564892578
2962;0.564876302
2963;0.564970703
2964;0.564785156
2965;0.564726563
2966;0.564804688
2967;0.564915365
2968;0.564996745
2969;0.565055339
2970;0.564860026
2971;0.565136719
2972;0.56515625
2973;0.565107422
2974;0.564980469
2975;0.564957682
2976;0.564807943
2977;0.564632161
2978;0.56485026
2979;0.564785156
2980;0.564944661
2981;0.564791667
2982;0.564781901
2983;0.56491862
2984;0.564690755
2985;0.56492513
2986;0.564778646
2987;0.564648438
2988;0.5646875
2989;0.564599609
2990;0.56452474
2991;0.564339193
2992;0.564313151
2993;0.564153646
2994;0.564270833
2995;0.564150391
2996;0.564238281
2997;0.564016927
2998;0.564124349
2999;0.564166667
3000;0.564101563
3001;0.564192708
3002;0.564290365
3003;0.564052734
3004;0.564111328
3005;0.563929036
3006;0.563974609
3007;0.563815104
3008;0.56374349
3009;0.563496094
3010;0.56328125
3011;0.563053385
3012;0.563076172
3013;0.563170573
3014;0.563177083
3015;0.563378906
3016;0.563304036
3017;0.563242188
3018;0.563125
3019;0.563125
3020;0.563011068
3021;0.562822266
3022;0.562861328
3023;0.563001302
3024;0.563196615
3025;0.563134766
3026;0.563255208
3027;0.56319987
3028;0.562985026
3029;0.563108724
3030;0.563134766
3031;0.563102214
3032;0.562923177
3033;0.562695313
3034;0.562851563
3035;0.56265625
3036;0.562617188
3037;0.562659505
3038;0.562757161
3039;0.562942708
3040;0.562766927
3041;0.562799479
3042;0.562998047
3043;0.562884115
3044;0.562760417
3045;0.562623698
3046;0.56257487
3047;0.56273112
3048;0.562711589
3049;0.562591146
3050;0.562591146
3051;0.562526042
3052;0.562386068
3053;0.562600911
3054;0.562607422
3055;0.562695313
3056;0.562591146
3057;0.562675781
3058;0.562578125
3059;0.562626953
3060;0.562705078
3061;0.562786458
3062;0.562734375
3063;0.562724609
3064;0.562825521
3065;0.562789714
3066;0.562679036
3067;0.562639974
3068;0.562701823
3069;0.56273112
3070;0.562854818
3071;0.562958984
3072;0.562867839
3073;0.56280599
3074;0.56281901
3075;0.562848307
3076;0.56273763
3077;0.562851563
3078;0.56289388
3079;0.562669271
3080;0.562457682
3081;0.56266276
3082;0.562734375
3083;0.562903646
3084;0.562858073
3085;0.562867839
3086;0.562822266
3087;0.562815755
3088;0.562639974
3089;0.562705078
3090;0.56288737
3091;0.562916667
3092;0.562753906
3093;0.562815755
3094;0.562998047
3095;0.563082682
3096;0.563037109
3097;0.56288737
3098;0.562773438
3099;0.562672526
3100;0.562789714
3101;0.562796224
3102;0.5628125
3103;0.562747396
3104;0.562789714
3105;0.562841797
3106;0.562923177
3107;0.562965495
3108;0.56289388
3109;0.563040365
3110;0.562884115
3111;0.563063151
3112;0.563030599
3113;0.563033854
3114;0.562942708
3115;0.562786458
3116;0.562763672
3117;0.562727865
3118;0.56273112
3119;0.562711589
3120;0.562513021
3121;0.562431641
3122;0.562470703
3123;0.56242513
3124;0.562360026
3125;0.562444661
3126;0.56249349
3127;0.562320964
3128;0.56226237
3129;0.562438151
3130;0.562438151
3131;0.562529297
3132;0.562646484
3133;0.562405599
3134;0.562324219
3135;0.562213542
3136;0.562327474
3137;0.562314453
3138;0.562360026
3139;0.562177734
3140;0.562161458
3141;0.56210612
3142;0.562119141
3143;0.56218099
3144;0.562207031
3145;0.562363281
3146;0.562392578
3147;0.562408854
3148;0.562460938
3149;0.562399089
3150;0.562281901
3151;0.562376302
3152;0.562311198
3153;0.56218099
3154;0.562119141
3155;0.562044271
3156;0.561933594
3157;0.561930339
3158;0.562008464
3159;0.561858724
3160;0.562018229
3161;0.561787109
3162;0.561748047
3163;0.561731771
3164;0.561774089
3165;0.561875
3166;0.56188151
3167;0.561809896
3168;0.561819661
3169;0.561819661
3170;0.562167969
3171;0.56211263
3172;0.562207031
3173;0.562083333
3174;0.561966146
3175;0.562054036
3176;0.562164714
3177;0.562382813
3178;0.562363281
3179;0.562320964
3180;0.562434896
3181;0.562389323
3182;0.562386068
3183;0.562679036
3184;0.562825521
3185;0.563030599
3186;0.562949219
3187;0.563001302
3188;0.563193359
3189;0.563167318
3190;0.563209635
3191;0.563092448
3192;0.563160807
3193;0.563063151
3194;0.562695313
3195;0.562639974
3196;0.562591146
3197;0.562639974
3198;0.562721354
3199;0.562929688
3200;0.562942708
3201;0.562789714
3202;0.5628125
3203;0.562858073
3204;0.56280599
3205;0.562936198
3206;0.563102214
3207;0.563004557
3208;0.563105469
3209;0.563164062
3210;0.563154297
3211;0.563238932
3212;0.563297526
3213;0.563378906
3214;0.563408203
3215;0.563300781
3216;0.563336589
3217;0.56351237
3218;0.563466797
3219;0.56343099
3220;0.563460286
3221;0.563535156
3222;0.563382161
3223;0.563457031
3224;0.563649089
3225;0.563636068
3226;0.563509115
3227;0.563645833
3228;0.563789062
3229;0.563723958
3230;0.563714193
3231;0.563645833
3232;0.563499349
3233;0.56344401
3234;0.563479818
3235;0.563522135
3236;0.563763021
3237;0.563723958
3238;0.563603516
3239;0.563733724
3240;0.563671875
3241;0.563792318
3242;0.563564453
3243;0.563707682
3244;0.56421224
3245;0.56422526
3246;0.564394531
3247;0.564501953
3248;0.564475911
3249;0.564365234
3250;0.564345703
3251;0.564358724
3252;0.564544271
3253;0.564527995
3254;0.564667969
3255;0.564576823
3256;0.564684245
3257;0.564788411
3258;0.564781901
3259;0.564677734
3260;0.564625651
3261;0.564589844
3262;0.564661458
3263;0.564580078
3264;0.564593099
3265;0.564645182
3266;0.564772135
3267;0.564752604
3268;0.564840495
3269;0.564749349
3270;0.564570313
3271;0.564599609
3272;0.564886068
3273;0.564882813
3274;0.564729818
3275;0.564707031
3276;0.564807943
3277;0.564648438
3278;0.564495443
3279;0.56461263
3280;0.56453776
3281;0.564453125
3282;0.564593099
3283;0.564482422
3284;0.564492188
3285;0.56430013
3286;0.564091797
3287;0.564101563
3288;0.564176432
3289;0.564238281
3290;0.564111328
3291;0.564114583
3292;0.564433594
3293;0.564401042
3294;0.563958333
3295;0.563844401
3296;0.563701172
3297;0.563701172
3298;0.563759766
3299;0.563769531
3300;0.563597005
3301;0.563811849
3302;0.563554688
3303;0.563678385
3304;0.563789063
3305;0.56383138
3306;0.563479818
3307;0.563382161
3308;0.563300781
3309;0.563401693
3310;0.563548177
3311;0.56351237
3312;0.563470052
3313;0.563567708
3314;0.563626302
3315;0.563704427
3316;0.56374349
3317;0.563746745
3318;0.563736979
3319;0.564010417
3320;0.56398763
3321;0.564013672
3322;0.56389974
3323;0.563720703
3324;0.563938802
3325;0.564111328
3326;0.564010417
3327;0.563896484
3328;0.564000651
3329;0.563886719
3330;0.563902995
3331;0.564046224
3332;0.56389974
3333;0.563990885
3334;0.563844401
3335;0.56389974
3336;0.563847656
3337;0.564026693
3338;0.564101562
3339;0.563811849
3340;0.564108073
3341;0.564160156
3342;0.56398763
3343;0.564150391
3344;0.564417318
3345;0.564414062
3346;0.564667969
3347;0.564742839
3348;0.564651693
3349;0.564827474
3350;0.565205078
3351;0.565211589
3352;0.565315755
3353;0.565328776
3354;0.565371094
3355;0.565377604
3356;0.565582682
3357;0.565605469
3358;0.565738932
3359;0.565970052
3360;0.565849609
3361;0.565999349
3362;0.565917969
3363;0.565813802
3364;0.565611979
3365;0.565582682
3366;0.565400391
3367;0.565439453
3368;0.565472005
3369;0.565400391
3370;0.565481771
3371;0.56555013
3372;0.565553385
3373;0.565777995
3374;0.565501302
3375;0.565432943
3376;0.565426432
3377;0.565638021
3378;0.565722656
3379;0.565791016
3380;0.5659375
3381;0.565983073
3382;0.566031901
3383;0.566005859
3384;0.566155599
3385;0.566259766
3386;0.566477865
3387;0.566207682
3388;0.566048177
3389;0.566106771
3390;0.565960286
3391;0.566090495
3392;0.566083984
3393;0.565979818
3394;0.566070964
3395;0.566074219
3396;0.565748698
3397;0.565764974
3398;0.565771484
3399;0.565686849
3400;0.565520833
3401;0.565361328
3402;0.565449219
3403;0.565380859
3404;0.565192057
3405;0.565078125
3406;0.565
3407;0.564960938
3408;0.564860026
3409;0.564498698
3410;0.564423828
3411;0.564361979
3412;0.564388021
3413;0.564231771
3414;0.564264323
3415;0.564257813
3416;0.564332682
3417;0.564316406
3418;0.564251302
3419;0.564075521
3420;0.563990885
3421;0.56375651
3422;0.563590495
3423;0.563398438
3424;0.563395182
3425;0.563346354
3426;0.563382161
3427;0.563242188
3428;0.563203125
3429;0.563151042
3430;0.563040365
3431;0.562783203
3432;0.562835286
3433;0.562714844
3434;0.562542318
3435;0.562431641
3436;0.56218099
3437;0.562151693
3438;0.562128906
3439;0.562288411
3440;0.562275391
3441;0.562096354
3442;0.562122396
3443;0.561979167
3444;0.561780599
3445;0.561822917
3446;0.56203776
3447;0.561982422
3448;0.561884766
3449;0.561861979
3450;0.561806641
3451;0.561780599
3452;0.561669922
3453;0.561621094
3454;0.561451823
3455;0.561578776
3456;0.561656901
3457;0.561731771
3458;0.561682943
3459;0.561822917
3460;0.561803385
3461;0.561682943
3462;0.56171224
3463;0.561943359
3464;0.561995443
3465;0.561992188
3466;0.561852214
3467;0.561848958
3468;0.561855469
3469;0.562014974
3470;0.561875
3471;0.562083333
3472;0.562177734
3473;0.562395833
3474;0.562483724
3475;0.562405599
3476;0.562496745
3477;0.5625
3478;0.562496745
3479;0.562633464
3480;0.562610677
3481;0.562666016
3482;0.562646484
3483;0.562776693
3484;0.562929688
3485;0.56296224
3486;0.563024089
3487;0.563141276
3488;0.563193359
3489;0.563193359
3490;0.563242188
3491;0.563251953
3492;0.563317057
3493;0.563291016
3494;0.56328776
3495;0.563268229
3496;0.563177083
3497;0.563330078
3498;0.563258464
3499;0.563313802
3500;0.563457031
3501;0.563522135
3502;0.56375651
3503;0.563808594
3504;0.56382487
3505;0.564049479
3506;0.563945313
3507;0.563958333
3508;0.564108073
3509;0.564140625
3510;0.564199219
3511;0.564335937
3512;0.564342448
3513;0.564130859
3514;0.564257812
3515;0.564352214
3516;0.564433594
3517;0.564316406
3518;0.564401042
3519;0.564469401
3520;0.564541016
3521;0.564459635
3522;0.564576823
3523;0.564563802
3524;0.564778646
3525;0.56491862
3526;0.56476888
3527;0.56485026
3528;0.56469401
3529;0.564453125
3530;0.564430339
3531;0.564567057
3532;0.56469401
3533;0.564710286
3534;0.564641927
3535;0.564570312
3536;0.564596354
3537;0.564759115
3538;0.564742839
3539;0.564742839
3540;0.564720052
3541;0.564811198
3542;0.564700521
3543;0.564869792
3544;0.564889323
3545;0.564980469
3546;0.564899089
3547;0.564563802
3548;0.564824219
3549;0.564928385
3550;0.564700521
3551;0.564817708
3552;0.564567057
3553;0.564547526
3554;0.564749349
3555;0.56461263
3556;0.564550781
3557;0.56453776
3558;0.564453125
3559;0.564547526
3560;0.564658203
3561;0.564641927
3562;0.564514974
3563;0.564765625
3564;0.564664714
3565;0.564716797
3566;0.564785156
3567;0.564892578
3568;0.564785156
3569;0.564746094
3570;0.564820964
3571;0.564798177
3572;0.564726563
3573;0.564667969
3574;0.564309896
3575;0.564114583
3576;0.56421224
3577;0.564140625
3578;0.56429362
3579;0.564511719
3580;0.564667969
3581;0.56461263
3582;0.564521484
3583;0.564798177
3584;0.5646875
3585;0.564824219
3586;0.564905599
3587;0.564697266
3588;0.564765625
3589;0.56461263
3590;0.564641927
3591;0.564674479
3592;0.564847005
3593;0.564742839
3594;0.564905599
3595;0.565022786
3596;0.565195313
3597;0.565367839
3598;0.565286458
3599;0.565058594
3600;0.565143229
3601;0.564973958
3602;0.565045573
3603;0.565052083
3604;0.565009766
3605;0.564876302
3606;0.564960938
3607;0.565061849
3608;0.565071615
3609;0.565003255
3610;0.564990234
3611;0.56476888
3612;0.564752604
3613;0.564599609
3614;0.564547526
3615;0.564404297
3616;0.564251302
3617;0.564179688
3618;0.564235026
3619;0.564208984
3620;0.563997396
3621;0.56406901
3622;0.564052734
3623;0.56405599
3624;0.564342448
3625;0.564352214
3626;0.564283854
3627;0.56422526
3628;0.564130859
3629;0.563964844
3630;0.563730469
3631;0.563639323
3632;0.563603516
3633;0.56336263
3634;0.563736979
3635;0.563557943
3636;0.563528646
3637;0.563577474
3638;0.563453776
3639;0.5634375
3640;0.563502604
3641;0.563404948
3642;0.563186849
3643;0.563232422
3644;0.563011068
3645;0.56281901
3646;0.562854818
3647;0.562802734
3648;0.562682292
3649;0.562763672
3650;0.562910156
3651;0.56297526
3652;0.562884115
3653;0.562939453
3654;0.56280599
3655;0.562835286
3656;0.562757161
3657;0.562753906
3658;0.562636719
3659;0.562522786
3660;0.562412109
3661;0.562675781
3662;0.562698568
3663;0.562796224
3664;0.562880859
3665;0.562809245
3666;0.562828776
3667;0.562919922
3668;0.562897135
3669;0.562890625
3670;0.563063151
3671;0.562945964
3672;0.562952474
3673;0.562874349
3674;0.562828776
3675;0.562841797
3676;0.562867839
3677;0.563024089
3678;0.562874349
3679;0.562838542
3680;0.56289388
3681;0.563056641
3682;0.563024089
3683;0.563102214
3684;0.56288737
3685;0.562985026
3686;0.562906901
3687;0.562985026
3688;0.563014323
3689;0.563157552
3690;0.562916667
3691;0.562825521
3692;0.562773437
3693;0.562766927
3694;0.562679036
3695;0.562594401
3696;0.562561849
3697;0.562565104
3698;0.56265625
3699;0.562565104
3700;0.562467448
3701;0.562470703
3702;0.562464193
3703;0.562587891
3704;0.562711589
3705;0.562688802
3706;0.562701823
3707;0.562630208
3708;0.562773438
3709;0.562779948
3710;0.562877604
3711;0.562753906
3712;0.56288737
3713;0.562799479
3714;0.562825521
3715;0.562877604
3716;0.562932943
3717;0.562854818
3718;0.562701823
3719;0.562594401
3720;0.562617188
3721;0.562666016
3722;0.562584635
3723;0.562659505
3724;0.562705078
3725;0.562643229
3726;0.562597656
3727;0.562522786
3728;0.562835286
3729;0.563167318
3730;0.563375651
3731;0.563164063
3732;0.563007813
3733;0.563007813
3734;0.563001302
3735;0.563024089
3736;0.563079427
3737;0.562985026
3738;0.562949219
3739;0.56288737
3740;0.563102214
3741;0.563359375
3742;0.563492839
3743;0.563343099
3744;0.563502604
3745;0.56367513
3746;0.563548177
3747;0.56351237
3748;0.563304036
3749;0.563476563
3750;0.5634375
3751;0.563434245
3752;0.5634375
3753;0.56327474
3754;0.563251953
3755;0.56336263
3756;0.563372396
3757;0.563277995
3758;0.563297526
3759;0.563307292
3760;0.563264974
3761;0.56336263
3762;0.563336589
3763;0.563277995
3764;0.563212891
3765;0.563222656
3766;0.563258464
3767;0.563365885
3768;0.563450521
3769;0.563551432
3770;0.563434245
3771;0.563434245
3772;0.563486328
3773;0.563460286
3774;0.563378906
3775;0.563486328
3776;0.563522135
3777;0.563421224
3778;0.563349609
3779;0.563014323
3780;0.56281901
3781;0.562880859
3782;0.562972005
3783;0.562692057
3784;0.562724609
3785;0.562753906
3786;0.562747396
3787;0.562760417
3788;0.562828776
3789;0.562757161
3790;0.562770182
3791;0.562623698
3792;0.562565104
3793;0.562503255
3794;0.562438151
3795;0.562441406
3796;0.562561849
3797;0.562594401
3798;0.562666016
3799;0.562672526
3800;0.562688802
3801;0.562776693
3802;0.562985026
3803;0.563004557
3804;0.562851563
3805;0.562666016
3806;0.562659505
3807;0.562714844
3808;0.562591146
3809;0.562529297
3810;0.562382813
3811;0.562460938
3812;0.562545573
3813;0.562698568
3814;0.56289388
3815;0.56313151
3816;0.563111979
3817;0.563030599
3818;0.563138021
3819;0.563173828
3820;0.563232422
3821;0.563219401
3822;0.563053385
3823;0.563154297
3824;0.563098958
3825;0.562926432
3826;0.562952474
3827;0.563102214
3828;0.56296224
3829;0.563030599
3830;0.56313151
3831;0.563242188
3832;0.563404948
3833;0.563678385
3834;0.563616536
3835;0.563691406
3836;0.563629557
3837;0.563740234
3838;0.563730469
3839;0.563720703
3840;0.563688151
3841;0.56374349
3842;0.56374349
3843;0.564013672
3844;0.564033203
3845;0.564160156
3846;0.564029948
3847;0.564065755
3848;0.564287109
3849;0.564261068
3850;0.564348958
3851;0.564254557
3852;0.564075521
3853;0.564003906
3854;0.56414388
3855;0.564248047
3856;0.564277344
3857;0.564462891
3858;0.564492188
3859;0.564511719
3860;0.564651693
3861;0.564521484
3862;0.564541016
3863;0.564466146
3864;0.564189453
3865;0.563932292
3866;0.564150391
3867;0.564173177
3868;0.564098307
3869;0.563951823
3870;0.564111328
3871;0.564114583
3872;0.564342448
3873;0.564156901
3874;0.56421224
3875;0.56422526
3876;0.564248047
3877;0.564147135
3878;0.564283854
3879;0.564274089
3880;0.56421875
3881;0.564280599
3882;0.564332682
3883;0.564173177
3884;0.564195964
3885;0.564156901
3886;0.564241536
3887;0.564065755
3888;0.563870443
3889;0.563961589
3890;0.563902995
3891;0.563802083
3892;0.563867188
3893;0.563776042
3894;0.563886719
3895;0.563746745
3896;0.563919271
3897;0.563860677
3898;0.563645833
3899;0.563684896
3900;0.563658854
3901;0.563701172
3902;0.563850911
3903;0.56398112
3904;0.563968099
3905;0.564042969
3906;0.56405599
3907;0.563857422
3908;0.563951823
3909;0.564202474
3910;0.564215495
3911;0.564296875
3912;0.564147135
3913;0.56398763
3914;0.564111328
3915;0.564108073
3916;0.563971354
3917;0.563948568
3918;0.564026693
3919;0.564147135
3920;0.56405599
3921;0.564248047
3922;0.564156901
3923;0.564283854
3924;0.564195964
3925;0.564222005
3926;0.564274089
3927;0.564296875
3928;0.56421224
3929;0.564345703
3930;0.564303385
3931;0.56429362
3932;0.564339193
3933;0.56444987
3934;0.564420573
3935;0.56436849
3936;0.564388021
3937;0.564417318
3938;0.56461263
3939;0.564479167
3940;0.564576823
3941;0.564700521
3942;0.564593099
3943;0.56461263
3944;0.564358724
3945;0.564401042
3946;0.56429362
3947;0.564348958
3948;0.564534505
3949;0.564641927
3950;0.564661458
3951;0.564674479
3952;0.564488932
3953;0.564459635
3954;0.564475911
3955;0.56430013
3956;0.564257812
3957;0.564283854
3958;0.564316406
3959;0.5640625
3960;0.564010417
3961;0.564130859
3962;0.56405599
3963;0.56421224
3964;0.564114583
3965;0.564179688
3966;0.564163411
3967;0.564134115
3968;0.564042969
3969;0.563896484
3970;0.563772786
3971;0.563476563
3972;0.563603516
3973;0.563606771
3974;0.563733724
3975;0.563958333
3976;0.563811849
3977;0.563863932
3978;0.563870443
3979;0.563714193
3980;0.564046224
3981;0.564029948
3982;0.564046224
3983;0.563922526
3984;0.564111328
3985;0.564257813
3986;0.564482422
3987;0.564632161
3988;0.564615885
3989;0.564908854
3990;0.564951172
3991;0.564892578
3992;0.565035807
3993;0.56508138
3994;0.565332031
3995;0.565413411
3996;0.565530599
3997;0.565677083
3998;0.565852865
3999;0.565667318
4000;0.565608724
4001;0.565638021
4002;0.565758464
4003;0.565973307
4004;0.566070964
4005;0.566363932
4006;0.566523438
4007;0.566529948
4008;0.566477865
4009;0.566611328
4010;0.566660156
4011;0.566455078
4012;0.566572266
4013;0.566669922
4014;0.566803385
4015;0.566686198
4016;0.566858724
4017;0.566979167
4018;0.567073568
4019;0.567145182
4020;0.56718099
4021;0.567324219
4022;0.567291667
4023;0.567389323
4024;0.567353516
4025;0.567314453
4026;0.567496745
4027;0.567408854
4028;0.567555339
4029;0.567750651
4030;0.56758138
4031;0.567617188
4032;0.567317708
4033;0.567451172
4034;0.567317708
4035;0.56726888
4036;0.567151693
4037;0.567164714
4038;0.567340495
4039;0.567158203
4040;0.56710612
4041;0.567027995
4042;0.567063802
4043;0.566962891
4044;0.566985677
4045;0.566871745
4046;0.566884766
4047;0.566842448
4048;0.566663411
4049;0.566842448
4050;0.56686849
4051;0.566891276
4052;0.567073568
4053;0.566826172
4054;0.566806641
4055;0.566796875
4056;0.566787109
4057;0.567122396
4058;0.566884766
4059;0.566910807
4060;0.566920573
4061;0.567115885
4062;0.567005208
4063;0.567148438
4064;0.567229818
4065;0.567307943
4066;0.567148438
4067;0.567115885
4068;0.567021484
4069;0.567041016
4070;0.567301432
4071;0.567356771
4072;0.56719401
4073;0.567138672
4074;0.567220052
4075;0.567086589
4076;0.567197266
4077;0.567288411
4078;0.567041016
4079;0.567161458
4080;0.567096354
4081;0.566969401
4082;0.567252604
4083;0.567233073
4084;0.567327474
4085;0.567060547
4086;0.566959635
4087;0.566754557
4088;0.56648763
4089;0.566624349
4090;0.566396484
4091;0.56656901
4092;0.566601563
4093;0.566813151
4094;0.566930339
4095;0.566914063
4096;0.566796875
4097;0.566777344
4098;0.566748047
4099;0.566738281
4100;0.566738281
4101;0.566738281
4102;0.566604818
4103;0.566640625
4104;0.566738281
4105;0.566552734
4106;0.566373698
4107;0.566067708
4108;0.566295573
4109;0.56625
4110;0.566298828
4111;0.56640625
4112;0.566523438
4113;0.566240234
4114;0.566002604
4115;0.565963542
4116;0.565940755
4117;0.566067708
4118;0.566028646
4119;0.566132812
4120;0.565865885
4121;0.565950521
4122;0.565875651
4123;0.565804036
4124;0.565777995
4125;0.565820312
4126;0.565683594
4127;0.565634766
4128;0.565634766
4129;0.565426432
4130;0.565338542
4131;0.565211589
4132;0.565048828
4133;0.565032552
4134;0.56483724
4135;0.565019531
4136;0.565019531
4137;0.565172526
4138;0.565358073
4139;0.565419922
4140;0.565693359
4141;0.565690104
4142;0.565703125
4143;0.565579427
4144;0.565367839
4145;0.565384115
4146;0.565397135
4147;0.565270182
4148;0.565146484
4149;0.565110677
4150;0.56523763
4151;0.565172526
4152;0.565152995
4153;0.565022786
4154;0.56485026
4155;0.564619141
4156;0.564700521
4157;0.564648437
4158;0.564648437
4159;0.564407552
4160;0.564420573
4161;0.564261068
4162;0.564111328
4163;0.564244792
4164;0.564407552
4165;0.56436849
4166;0.564283854
4167;0.564202474
4168;0.564414063
4169;0.564290365
4170;0.564427083
4171;0.564440104
4172;0.564622396
4173;0.564658203
4174;0.56468099
4175;0.564700521
4176;0.564716797
4177;0.564863281
4178;0.565061849
4179;0.565130208
4180;0.56516276
4181;0.56531901
4182;0.565338542
4183;0.565377604
4184;0.56555013
4185;0.56547526
4186;0.56554362
4187;0.565455729
4188;0.565390625
4189;0.565358073
4190;0.565152995
4191;0.565133464
4192;0.565091146
4193;0.565110677
4194;0.565061849
4195;0.564960938
4196;0.565071615
4197;0.565198568
4198;0.565192057
4199;0.56500651
4200;0.564967448
4201;0.564980469
4202;0.564902344
4203;0.564921875
4204;0.564977214
4205;0.565283203
4206;0.565364583
4207;0.565413411
4208;0.565315755
4209;0.565579427
4210;0.565738932
4211;0.565657552
4212;0.566044922
4213;0.566106771
4214;0.566194661
4215;0.566474609
4216;0.566604818
4217;0.566578776
4218;0.566575521
4219;0.56695638
4220;0.567050781
4221;0.566995443
4222;0.567099609
4223;0.567242839
4224;0.567239583
4225;0.567408854
4226;0.567399089
4227;0.56726237
4228;0.567246094
4229;0.567265625
4230;0.567447917
4231;0.567695313
4232;0.567802734
4233;0.567695313
4234;0.567695313
4235;0.567786458
4236;0.56781901
4237;0.567900391
4238;0.567832031
4239;0.567835286
4240;0.568115234
4241;0.568333333
4242;0.5684375
4243;0.568486328
4244;0.568548177
4245;0.568535156
4246;0.568320313
4247;0.568343099
4248;0.568785807
4249;0.568922526
4250;0.5690625
4251;0.569111328
4252;0.569277344
4253;0.569557292
4254;0.569684245
4255;0.569804688
4256;0.56983724
4257;0.569954427
4258;0.570123698
4259;0.570035807
4260;0.569873047
4261;0.569977214
4262;0.569775391
4263;0.569915365
4264;0.569775391
4265;0.569638672
4266;0.569580078
4267;0.569596354
4268;0.569469401
4269;0.569029948
4270;0.568922526
4271;0.568984375
4272;0.568837891
4273;0.56874349
4274;0.568639323
4275;0.568541667
4276;0.568613281
4277;0.568610026
4278;0.56851888
4279;0.568528646
4280;0.568238932
4281;0.568027344
4282;0.567900391
4283;0.567835286
4284;0.567718099
4285;0.567701823
4286;0.567561849
4287;0.567561849
4288;0.567451172
4289;0.567353516
4290;0.567376302
4291;0.56718099
4292;0.567054036
4293;0.566894531
4294;0.566959635
4295;0.566930339
4296;0.567005208
4297;0.566943359
4298;0.566624349
4299;0.566575521
4300;0.566490885
4301;0.566360677
4302;0.566302083
4303;0.56608724
4304;0.565872396
4305;0.565755208
4306;0.565680339
4307;0.565579427
4308;0.565540365
4309;0.565686849
4310;0.565530599
4311;0.565413411
4312;0.56547526
4313;0.56508138
4314;0.565009766
4315;0.565120443
4316;0.565091146
4317;0.565123698
4318;0.565188802
4319;0.565188802
4320;0.56514974
4321;0.565065104
4322;0.565042318
4323;0.564847005
4324;0.564908854
4325;0.564860026
4326;0.564794922
4327;0.56492513
4328;0.564892578
4329;0.564915365
4330;0.565094401
4331;0.56530599
4332;0.565384115
4333;0.565507813
4334;0.565553385
4335;0.565569661
4336;0.565530599
4337;0.565501302
4338;0.565572917
4339;0.565585938
4340;0.565458984
4341;0.565345052
4342;0.565354818
4343;0.565517578
4344;0.565540365
4345;0.565533854
4346;0.565625
4347;0.565742188
4348;0.565595703
4349;0.565507813
4350;0.56539388
4351;0.565234375
4352;0.565104167
4353;0.565338542
4354;0.565410156
4355;0.565416667
4356;0.565328776
4357;0.565273438
4358;0.565139974
4359;0.565123698
4360;0.565432943
4361;0.565341797
4362;0.565257161
4363;0.56539388
4364;0.565507813
4365;0.565439453
4366;0.56546224
4367;0.565309245
4368;0.565169271
4369;0.5653125
4370;0.565423177
4371;0.56555013
4372;0.565703125
4373;0.565830078
4374;0.565904948
4375;0.565677083
4376;0.565621745
4377;0.565514323
4378;0.565820313
4379;0.565644531
4380;0.565569661
4381;0.565328776
4382;0.565335286
4383;0.565338542
4384;0.565429688
4385;0.565315755
4386;0.565458984
4387;0.565436198
4388;0.565657552
4389;0.565641276
4390;0.565576172
4391;0.565758464
4392;0.565885417
4393;0.565888672
4394;0.5659375
4395;0.566132813
4396;0.566126302
4397;0.565888672
4398;0.56610026
4399;0.56617513
4400;0.56616862
4401;0.566438802
4402;0.566536458
4403;0.566334635
4404;0.566363932
4405;0.566184896
4406;0.566311849
4407;0.566289063
4408;0.566438802
4409;0.566552734
4410;0.566246745
4411;0.566376953
4412;0.566451823
4413;0.566503906
4414;0.566402995
4415;0.566432292
4416;0.56656901
4417;0.566764323
4418;0.56688151
4419;0.566692708
4420;0.566578776
4421;0.566425781
4422;0.566227214
4423;0.566318359
4424;0.566116536
4425;0.566354167
4426;0.566269531
4427;0.566152344
4428;0.565777995
4429;0.565823568
4430;0.565738932
4431;0.565621745
4432;0.56547526
4433;0.565455729
4434;0.565449219
4435;0.565556641
4436;0.565472005
4437;0.565605469
4438;0.565501302
4439;0.565501302
4440;0.56555013
4441;0.565410156
4442;0.565410156
4443;0.565120443
4444;0.564967448
4445;0.564847005
4446;0.564801432
4447;0.564820964
4448;0.564827474
4449;0.564729818
4450;0.564700521
4451;0.564593099
4452;0.564573568
4453;0.564567057
4454;0.564498698
4455;0.564648437
4456;0.564788411
4457;0.564954427
4458;0.564765625
4459;0.564547526
4460;0.564583333
4461;0.564550781
4462;0.564446615
4463;0.564459635
4464;0.564661458
4465;0.564580078
4466;0.564567057
4467;0.564208984
4468;0.564189453
4469;0.564322917
4470;0.564332682
4471;0.564267578
4472;0.564313151
4473;0.56413737
4474;0.564195964
4475;0.564169922
4476;0.564280599
4477;0.56438151
4478;0.564430339
4479;0.564462891
4480;0.5646875
4481;0.564899089
4482;0.564983724
4483;0.565087891
4484;0.56508138
4485;0.564973958
4486;0.565042318
4487;0.564957682
4488;0.564814453
4489;0.564707031
4490;0.564602865
4491;0.564544271
4492;0.56421224
4493;0.564394531
4494;0.564316406
4495;0.564248047
4496;0.564140625
4497;0.564029948
4498;0.563929036
4499;0.564026693
4500;0.564052734
4501;0.563964844
4502;0.56382487
4503;0.56374349
4504;0.563883464
4505;0.563893229
4506;0.56358724
4507;0.563414714
4508;0.563626302
4509;0.563802083
4510;0.563922526
4511;0.563922526
4512;0.563847656
4513;0.56375
4514;0.563597005
4515;0.563610026
4516;0.563509115
4517;0.563665365
4518;0.563792318
4519;0.56375
4520;0.563889974
4521;0.564114583
4522;0.564283854
4523;0.564423828
4524;0.564550781
4525;0.564729818
4526;0.564723307
4527;0.564886068
4528;0.565061849
4529;0.56499349
4530;0.565185547
4531;0.565126953
4532;0.565087891
4533;0.565065104
4534;0.565026042
4535;0.565332031
4536;0.565429688
4537;0.56546224
4538;0.565690104
4539;0.566048177
4540;0.566178385
4541;0.566484375
4542;0.566627604
4543;0.566829427
4544;0.567099609
4545;0.567220052
4546;0.567412109
4547;0.567727865
4548;0.567841797
4549;0.567958984
4550;0.568144531
4551;0.568496094
4552;0.568763021
4553;0.568925781
4554;0.568938802
4555;0.569013672
4556;0.569358724
4557;0.569495443
4558;0.569599609
4559;0.569560547
4560;0.569635417
4561;0.569697266
4562;0.569833984
4563;0.569833984
4564;0.570058594
4565;0.570257161
4566;0.570367839
4567;0.570491536
4568;0.570498047
4569;0.570390625
4570;0.570380859
4571;0.570283203
4572;0.570270182
4573;0.57030599
4574;0.570338542
4575;0.570279948
4576;0.570413411
4577;0.570289714
4578;0.570332031
4579;0.570472005
4580;0.570410156
4581;0.570429688
4582;0.570491536
4583;0.570511068
4584;0.570458984
4585;0.570410156
4586;0.570345052
4587;0.570361328
4588;0.570266927
4589;0.570146484
4590;0.570257161
4591;0.570100911
4592;0.570214844
4593;0.57000651
4594;0.569905599
4595;0.569879557
4596;0.569879557
4597;0.569788411
4598;0.56976237
4599;0.569609375
4600;0.569576823
4601;0.569394531
4602;0.569257813
4603;0.569257813
4604;0.569235026
4605;0.569026693
4606;0.568828125
4607;0.568815104
4608;0.568688151
4609;0.568564453
4610;0.568499349
4611;0.568496094
4612;0.568561198
4613;0.568554688
4614;0.568466797
4615;0.568268229
4616;0.568232422
4617;0.568238932
4618;0.568125
4619;0.568229167
4620;0.568056641
4621;0.568115234
4622;0.568030599
4623;0.568092448
4624;0.567949219
4625;0.567838542
4626;0.567646484
4627;0.567571615
4628;0.567659505
4629;0.567503255
4630;0.567298177
4631;0.567223307
4632;0.567207031
4633;0.567083333
4634;0.567236328
4635;0.567008464
4636;0.566806641
4637;0.566705729
4638;0.566686198
4639;0.566640625
4640;0.566585286
4641;0.56656901
4642;0.566451823
4643;0.566536458
4644;0.566510417
4645;0.566526693
4646;0.566468099
4647;0.56625651
4648;0.566295573
4649;0.566311849
4650;0.56625
4651;0.566295573
4652;0.566223958
4653;0.56625
4654;0.566210938
4655;0.566302083
4656;0.566282552
4657;0.566162109
4658;0.566113281
4659;0.566048177
4660;0.566028646
4661;0.566110026
4662;0.566028646
4663;0.565888672
4664;0.565761719
4665;0.565670573
4666;0.565722656
4667;0.565647786
4668;0.565579427
4669;0.565598958
4670;0.565572917
4671;0.565406901
4672;0.565397135
4673;0.565345052
4674;0.565348307
4675;0.565292969
4676;0.565315755
4677;0.565367839
4678;0.565016276
4679;0.565068359
4680;0.565016276
4681;0.565039063
4682;0.565185547
4683;0.565146484
4684;0.565009766
4685;0.565159505
4686;0.565335286
4687;0.565400391
4688;0.565361328
4689;0.565234375
4690;0.565058594
4691;0.565042318
4692;0.565094401
4693;0.565026042
4694;0.564938151
4695;0.565009766
4696;0.56508138
4697;0.565247396
4698;0.565247396
4699;0.565315755
4700;0.565084635
4701;0.565201823
4702;0.565380859
4703;0.565592448
4704;0.565488281
4705;0.565553385
4706;0.56554362
4707;0.565556641
4708;0.565579427
4709;0.565654297
4710;0.565595703
4711;0.565449219
4712;0.565501302
4713;0.565572917
4714;0.565592448
4715;0.565485026
4716;0.565400391
4717;0.565598958
4718;0.565777995
4719;0.565849609
4720;0.565807292
4721;0.56577474
4722;0.565839844
4723;0.565712891
4724;0.565843099
4725;0.565833333
4726;0.565846354
4727;0.565953776
4728;0.566207682
4729;0.566162109
4730;0.566116536
4731;0.566067708
4732;0.56577474
4733;0.565722656
4734;0.56569987
4735;0.565722656
4736;0.565572917
4737;0.56570638
4738;0.565628255
4739;0.565901693
4740;0.565934245
4741;0.565748698
4742;0.565690104
4743;0.565729167
4744;0.565843099
4745;0.565696615
4746;0.565592448
4747;0.565592448
4748;0.56555013
4749;0.565432943
4750;0.56563151
4751;0.56546875
4752;0.565322266
4753;0.565078125
4754;0.565058594
4755;0.565087891
4756;0.565100911
4757;0.565084635
4758;0.564951172
4759;0.565
4760;0.565039062
4761;0.565065104
4762;0.565136719
4763;0.565198568
4764;0.565335286
4765;0.565481771
4766;0.5653125
4767;0.565139974
4768;0.564934896
4769;0.564772135
4770;0.565055339
4771;0.565061849
4772;0.564908854
4773;0.564876302
4774;0.564879557
4775;0.565022786
4776;0.565139974
4777;0.56507487
4778;0.564986979
4779;0.565003255
4780;0.564869792
4781;0.56499349
4782;0.565087891
4783;0.565403646
4784;0.56531901
4785;0.565257161
4786;0.565449219
4787;0.565260417
4788;0.565533854
4789;0.565322266
4790;0.5653125
4791;0.56554362
4792;0.565514323
4793;0.565566406
4794;0.565664063
4795;0.565784505
4796;0.565764974
4797;0.565638021
4798;0.565693359
4799;0.565608724
4800;0.565651042
4801;0.565657552
4802;0.565751953
4803;0.565732422
4804;0.565677083
4805;0.565452474
4806;0.565481771
4807;0.56555013
4808;0.565628255
4809;0.565556641
4810;0.565566406
4811;0.565576172
4812;0.565253906
4813;0.565361328
4814;0.565120443
4815;0.565182292
4816;0.56530599
4817;0.56523763
4818;0.565328776
4819;0.565400391
4820;0.565195313
4821;0.565296224
4822;0.565403646
4823;0.565491536
4824;0.565442708
4825;0.565315755
4826;0.56523763
4827;0.565322266
4828;0.56546875
4829;0.565524089
4830;0.565657552
4831;0.565595703
4832;0.565644531
4833;0.565449219
4834;0.565595703
4835;0.565436198
4836;0.565260417
4837;0.565351562
4838;0.565113932
4839;0.565045573
4840;0.565100911
4841;0.565107422
4842;0.565042318
4843;0.564947917
4844;0.564632161
4845;0.564482422
4846;0.564498698
4847;0.564648438
4848;0.56453776
4849;0.564710286
4850;0.564586589
4851;0.56469401
4852;0.564667969
4853;0.564733073
4854;0.564986979
4855;0.565100911
4856;0.565302734
4857;0.565263672
4858;0.56538737
4859;0.565380859
4860;0.565332031
4861;0.565136719
4862;0.565374349
4863;0.565169271
4864;0.565244141
4865;0.565195312
4866;0.565078125
4867;0.56516276
4868;0.565195312
4869;0.565221354
4870;0.565247396
4871;0.56508138
4872;0.565123698
4873;0.565071615
4874;0.564928385
4875;0.564960938
4876;0.564951172
4877;0.564947917
4878;0.564742839
4879;0.56476237
4880;0.564801432
4881;0.564853516
4882;0.564931641
4883;0.564990234
4884;0.565107422
4885;0.565143229
4886;0.565283203
4887;0.565302734
4888;0.565485026
4889;0.565507813
4890;0.565625
4891;0.565582682
4892;0.56569987
4893;0.565670573
4894;0.565989583
4895;0.566100659
4896;0.566107856
4897;0.566091118
4898;0.566105497
4899;0.566087963
4900;0.566147313
4901;0.566031523
4902;0.5660226
4903;0.565913999
4904;0.565767415
4905;0.565838675
4906;0.565553899
4907;0.565574852
4908;0.565429688
4909;0.565527344
4910;0.565549364
4911;0.565819326
4912;0.565729777
4913;0.565975722
4914;0.565993924
4915;0.566086342
4916;0.566336496
4917;0.566321856
4918;0.56629983
4919;0.566393229
